observed_at,ts_id,source,replies,reblogs,favourites,upvotes,downvotes
2026-10-01T00:48:29Z,117362592371612185,cnn,0,0,1,,
2026-10-01T00:48:29Z,117362512481491992,cnn,219,611,1912,,
2026-10-01T00:48:29Z,117362512360400632,cnn,93,492,1645,,
2026-10-01T00:48:29Z,117362507109086060,cnn,165,814,2573,,
2026-10-01T00:48:29Z,117362505555047950,cnn,136,716,2261,,
2026-10-01T00:48:29Z,117361716972225267,cnn,2667,5500,19700,,
2026-10-01T00:48:29Z,117361125172345134,cnn,1416,4047,14970,,
2026-10-01T00:48:29Z,117361036176846921,cnn,1580,3490,12638,,
2026-10-01T00:48:29Z,117360881299832502,cnn,2345,3864,13587,,
2026-10-01T00:48:29Z,117360567091654673,cnn,538,2085,8783,,
2026-10-01T00:48:29Z,117357090030899348,cnn,1565,3556,12572,,
2026-10-01T00:48:29Z,117356435739432952,cnn,1347,3507,12568,,
2026-10-01T00:48:29Z,117356339820644146,cnn,835,3096,12332,,
2026-10-01T00:48:29Z,117356337184173252,cnn,619,3495,13775,,
2026-10-01T00:48:29Z,117355137125519227,cnn,1676,3295,13126,,
2026-10-01T00:48:29Z,117354335756073765,cnn,1561,5163,16451,,
2026-10-01T00:48:29Z,117352093333913680,cnn,1853,5020,18713,,
2026-10-01T00:48:29Z,117351985093810875,cnn,1087,4405,19626,,
2026-10-01T00:48:29Z,117350810719202305,cnn,2749,7426,24790,,
2026-10-01T00:48:29Z,117348562110206457,cnn,2532,5222,24158,,
2026-10-01T00:48:29Z,117348541943680165,cnn,1478,4325,20414,,
2026-10-01T00:48:29Z,117348516464234551,cnn,1079,4969,19984,,
2026-10-01T00:48:29Z,117348468544269011,cnn,1203,4839,19960,,
2026-10-01T00:48:29Z,117348448650549090,cnn,776,4016,12899,,
2026-10-01T00:48:29Z,117348447516971896,cnn,614,3973,15420,,
2026-10-01T00:48:29Z,117348446365820888,cnn,404,4251,16158,,
2026-10-01T00:48:29Z,117348445059479367,cnn,337,3613,14404,,
2026-10-01T00:48:29Z,117348443536619757,cnn,823,4151,11711,,
2026-10-01T00:48:29Z,117348369252080500,cnn,422,3059,10789,,
2026-10-01T00:48:29Z,117346779325099881,cnn,434,2749,12078,,
2026-10-01T00:48:29Z,117346775410000482,cnn,278,2421,11549,,
2026-10-01T00:48:29Z,117346773878574094,cnn,185,2245,10456,,
2026-10-01T00:48:29Z,117346772720086148,cnn,247,2394,10920,,
2026-10-01T00:48:29Z,117346770524529074,cnn,121,2056,9878,,
2026-10-01T00:48:29Z,117346769568699506,cnn,94,1868,9048,,
2026-10-01T00:48:29Z,117346763094750198,cnn,194,2006,9442,,
2026-10-01T00:48:29Z,117346090177597599,cnn,1120,2508,10968,,
2026-10-01T00:48:29Z,117345281669990405,cnn,628,2792,12499,,
2026-10-01T00:48:29Z,117345157982014484,cnn,652,2352,11811,,
2026-10-01T00:48:29Z,117345157682476645,cnn,261,1845,9460,,
2026-10-01T00:48:29Z,117345156811518439,cnn,226,1727,8755,,
2026-10-01T00:48:29Z,117345156244405938,cnn,173,1635,8428,,
2026-10-01T00:48:29Z,117345155558415047,cnn,139,1491,7885,,
2026-10-01T00:48:29Z,117345154924391841,cnn,129,1506,7901,,
2026-10-01T00:48:29Z,117345154385217283,cnn,114,1451,7561,,
2026-10-01T00:48:29Z,117345053471706888,cnn,351,1929,9383,,
2026-10-01T00:48:29Z,117344981384499824,cnn,357,1980,9794,,
2026-10-01T00:48:29Z,117344980633302086,cnn,265,1948,9898,,
2026-10-01T00:48:29Z,117344980210723137,cnn,135,1648,8661,,
2026-10-01T00:48:29Z,117344979495317552,cnn,135,1438,7325,,
2026-10-01T00:48:29Z,117344978962019270,cnn,176,1438,7272,,
2026-10-01T00:48:29Z,117344976000779585,cnn,147,1335,6951,,
2026-10-01T00:48:29Z,117344975198365396,cnn,125,1388,6931,,
2026-10-01T00:48:29Z,117344784651239190,cnn,757,2057,9440,,
2026-10-01T00:48:29Z,117344773205161235,cnn,449,2037,8840,,
2026-10-01T00:48:29Z,117343820394720021,cnn,1047,2615,8868,,
2026-10-01T00:48:29Z,117343672160611130,cnn,1072,3846,15270,,
2026-10-01T00:48:29Z,117343153272784169,cnn,0,0,2,,
2026-10-01T00:48:29Z,117343152769130235,cnn,402,1729,6354,,
2026-10-01T00:48:29Z,117343152138358246,cnn,251,1445,5393,,
2026-10-01T00:48:29Z,117342927581199006,cnn,1698,3626,15738,,
2026-10-01T00:48:29Z,117340294147897033,cnn,2702,5181,19594,,
2026-10-01T00:48:29Z,117339697268234753,cnn,849,3649,14723,,
2026-10-01T00:48:29Z,117339693977416746,cnn,1923,4832,17818,,
2026-10-01T00:48:29Z,117339693821962863,cnn,500,3092,12691,,
2026-10-01T00:48:29Z,117339672558278827,cnn,0,0,2,,
2026-10-01T00:48:29Z,117339650202836763,cnn,317,2322,10252,,
2026-10-01T00:48:29Z,117339634674669231,cnn,276,2336,10319,,
2026-10-01T00:48:29Z,117339631831278857,cnn,276,2260,10150,,
2026-10-01T00:48:29Z,117339631612858977,cnn,235,2290,10258,,
2026-10-01T00:48:29Z,117339601866366888,cnn,266,1654,6725,,
2026-10-01T00:48:29Z,117339599342443326,cnn,106,1383,6404,,
2026-10-01T00:48:29Z,117339598713942230,cnn,92,1388,6370,,
2026-10-01T00:48:29Z,117339598059843086,cnn,99,1358,6221,,
2026-10-01T00:48:29Z,117339597349471940,cnn,105,1401,6407,,
2026-10-01T00:48:29Z,117339596643861955,cnn,118,1375,6012,,
2026-10-01T00:48:29Z,117339595987738159,cnn,74,1171,5159,,
2026-10-01T00:48:29Z,117339595344002712,cnn,67,1074,4852,,
2026-10-01T00:48:29Z,117339594579276473,cnn,84,1153,4923,,
2026-10-01T00:48:29Z,117339593802451277,cnn,58,999,4559,,
2026-10-01T00:48:29Z,117339592897068385,cnn,66,1017,4461,,
2026-10-01T00:48:29Z,117339591851529041,cnn,43,489,1983,,
2026-10-01T00:48:29Z,117339590790417891,cnn,34,219,707,,
2026-10-01T00:48:29Z,117339537275478198,cnn,220,533,1514,,
2026-10-01T00:48:29Z,117339532573237378,cnn,139,552,1846,,
2026-10-01T00:48:29Z,117338936999613227,cnn,999,2378,8417,,
2026-10-01T00:48:29Z,117338873310369293,cnn,822,2088,7281,,
2026-10-01T00:48:29Z,117338872385629287,cnn,348,1430,6248,,
2026-10-01T00:48:29Z,117338817881626356,cnn,295,1384,5856,,
2026-10-01T00:48:29Z,117338166998410817,cnn,1449,3286,10424,,
2026-10-01T00:48:29Z,117337563385196014,cnn,1114,3244,12507,,
2026-10-01T00:48:29Z,117337562817997862,cnn,739,3238,12108,,
2026-10-01T00:48:29Z,117337562138904273,cnn,440,2468,8626,,
2026-10-01T00:48:29Z,117337561585606406,cnn,259,1946,7435,,
2026-10-01T00:48:29Z,117337555438970724,cnn,245,2000,7267,,
2026-10-01T00:48:29Z,117337555068452986,cnn,211,1932,7218,,
2026-10-01T00:48:29Z,117337554905327419,cnn,184,1775,6896,,
2026-10-01T00:48:29Z,117337554252680986,cnn,156,1688,6330,,
2026-10-01T00:48:29Z,117337552716803527,cnn,156,1697,6122,,
2026-10-01T00:48:29Z,117337545332163657,cnn,147,1513,5833,,
2026-10-01T00:48:29Z,117337544317575633,cnn,153,1672,6147,,
2026-10-01T00:48:29Z,117337541233609775,cnn,124,1479,5541,,
2026-10-01T00:48:29Z,117337538836314073,cnn,118,1422,5406,,
2026-10-01T00:48:29Z,117337538123089885,cnn,98,1279,5083,,
2026-10-01T00:48:29Z,117337537057603991,cnn,118,1336,5033,,
2026-10-01T00:48:29Z,117337535044080608,cnn,150,1275,4530,,
2026-10-01T00:48:29Z,117337515298516566,cnn,165,1242,4663,,
2026-10-01T00:48:29Z,117337317276437965,cnn,4428,6237,28086,,
2026-10-01T00:48:29Z,117337298336162712,cnn,683,2147,9443,,
2026-10-01T00:48:29Z,117337288574793449,cnn,323,1590,5175,,
2026-10-01T00:48:29Z,117336958253518518,cnn,818,1598,6215,,
2026-10-01T00:48:29Z,117336955762275361,cnn,199,922,3915,,
2026-10-01T00:48:29Z,117336883864922392,cnn,151,1024,4124,,
2026-10-01T00:48:29Z,117336881513699850,cnn,255,1395,5125,,
2026-10-01T00:48:29Z,117336880365536098,cnn,191,908,3336,,
2026-10-01T00:48:29Z,117336878808999802,cnn,118,877,3788,,
2026-10-01T00:48:29Z,117336875720742753,cnn,124,869,3366,,
2026-10-01T00:48:29Z,117336873800272630,cnn,127,1105,4236,,
2026-10-01T00:48:29Z,117336867875974840,cnn,104,888,3716,,
2026-10-01T00:48:29Z,117336866629561228,cnn,127,884,2761,,
2026-10-01T00:48:29Z,117336865039856065,cnn,92,906,3551,,
2026-10-01T00:48:29Z,117335207360789365,cnn,574,1319,5515,,
2026-10-01T00:48:29Z,117335134484713012,cnn,0,0,0,,
2026-10-01T00:48:29Z,117335133781136092,cnn,931,3220,8213,,
2026-10-01T00:48:29Z,117335132934731885,cnn,447,2146,6501,,
2026-10-01T00:48:29Z,117335096216476204,cnn,0,0,0,,
2026-10-01T00:48:29Z,117334616518733576,cnn,1165,2558,10438,,
2026-10-01T00:48:29Z,117334615895357863,cnn,401,2062,9739,,
2026-10-01T00:48:29Z,117334615137251467,cnn,504,2973,8927,,
2026-10-01T00:48:29Z,117334614580064997,cnn,336,1766,8234,,
2026-10-01T00:48:29Z,117334613964287437,cnn,301,1686,7905,,
2026-10-01T00:48:29Z,117334612644472968,cnn,174,1632,6184,,
2026-10-01T00:48:29Z,117334612403862517,cnn,453,2270,8231,,
2026-10-01T00:48:29Z,117334607798644557,cnn,127,1436,5527,,
2026-10-01T00:48:29Z,117334600981102955,cnn,150,1398,5449,,
2026-10-01T00:48:29Z,117334597869715991,cnn,131,1372,5255,,
2026-10-01T00:48:29Z,117334592653744426,cnn,185,1581,5609,,
2026-10-01T00:48:29Z,117334585893103406,cnn,279,1653,6177,,
2026-10-01T00:48:29Z,117334581279782762,cnn,124,1293,4717,,
2026-10-01T00:48:29Z,117334572312502332,cnn,132,1322,4844,,
2026-10-01T00:48:29Z,117334553306774218,cnn,156,1348,4906,,
2026-10-01T00:48:29Z,117334540969398393,cnn,178,1410,4967,,
2026-10-01T00:48:29Z,117334539738676098,cnn,84,894,3316,,
2026-10-01T00:48:29Z,117334536526706403,cnn,84,814,2840,,
2026-10-01T00:48:29Z,117334093403653279,cnn,421,1463,4892,,
2026-10-01T00:48:29Z,117333027652824076,cnn,641,2186,9574,,
2026-10-01T00:48:29Z,117332812545704813,cnn,1019,2838,12335,,
2026-10-01T00:48:29Z,117332704655075384,cnn,1454,5653,27131,,
2026-10-01T00:48:29Z,117331749278785253,cnn,2377,4955,23119,,
2026-10-01T00:48:29Z,117331365166932627,cnn,0,0,1,,
2026-10-01T00:48:29Z,117331168888375355,cnn,642,3427,15981,,
2026-10-01T00:48:29Z,117328536706468024,cnn,1489,5578,22187,,
2026-10-01T00:48:29Z,117327988960070739,cnn,2883,5147,20131,,
2026-10-01T00:48:29Z,117327681306671844,cnn,924,3006,13773,,
2026-10-01T00:48:29Z,117327646948735900,cnn,514,2843,12965,,
2026-10-01T00:48:29Z,117327644914730355,cnn,354,2570,11382,,
2026-10-01T00:48:29Z,117327644146401995,cnn,263,2420,11095,,
2026-10-01T00:48:29Z,117327643319552969,cnn,217,2291,10047,,
2026-10-01T00:48:29Z,117327642327005783,cnn,191,2127,9810,,
2026-10-01T00:48:29Z,117326213046216794,cnn,1010,3870,13370,,
2026-10-01T00:48:29Z,117326052176100666,cnn,0,0,1,,
2026-10-01T00:48:29Z,117326051988618124,cnn,0,0,2,,
2026-10-01T00:48:29Z,117326051816460015,cnn,0,0,1,,
2026-10-01T00:48:29Z,117326051384402820,cnn,0,0,0,,
2026-10-01T00:48:29Z,117326051069666611,cnn,0,0,1,,
2026-10-01T00:48:29Z,117326047233268228,cnn,510,2653,9072,,
2026-10-01T00:48:29Z,117326044871082645,cnn,213,1769,6943,,
2026-10-01T00:48:29Z,117326000312372207,cnn,190,1846,7099,,
2026-10-01T00:48:29Z,117326000129865390,cnn,386,1860,8338,,
2026-10-01T00:48:29Z,117325992695243662,cnn,99,1439,5783,,
2026-10-01T00:48:29Z,117325988723052373,cnn,95,1406,5619,,
2026-10-01T00:48:29Z,117325987378356876,cnn,97,1323,4863,,
2026-10-01T00:48:29Z,117325981350058861,cnn,603,2414,9697,,
2026-10-01T00:48:29Z,117325763597478758,cnn,1754,3874,17882,,
2026-10-01T00:48:29Z,117325728133569564,cnn,794,3022,11580,,
2026-10-01T00:48:29Z,117325694783376982,cnn,877,2748,12313,,
2026-10-01T00:48:29Z,117323511508375196,cnn,1042,3236,14025,,
2026-10-01T00:48:29Z,117323155721195611,cnn,1527,4462,16332,,
2026-10-01T00:48:29Z,117323148147220269,cnn,593,3532,14246,,
2026-10-01T00:48:29Z,117322092055919832,cnn,1383,2965,12367,,
2026-10-01T00:48:29Z,117322065119445871,cnn,516,2293,11062,,
2026-10-01T00:48:29Z,117320581360547091,cnn,1420,5042,15726,,
2026-10-01T00:48:29Z,117320509296515188,cnn,4416,7967,31294,,
2026-10-01T00:48:29Z,117320385350427395,cnn,842,4196,15125,,
2026-10-01T00:48:29Z,117318371569831036,cnn,962,3339,13831,,
2026-10-01T00:48:29Z,117318370203435194,cnn,589,2891,12504,,
2026-10-01T00:48:29Z,117318368847920040,cnn,638,2528,11010,,
2026-10-01T00:48:29Z,117318365806497574,cnn,1214,3727,14299,,
2026-10-01T00:48:29Z,117318329260090686,cnn,2133,4552,17919,,
2026-10-01T00:48:29Z,117316991845409643,cnn,1423,3958,12524,,
2026-10-01T00:48:29Z,117314399826449877,cnn,3776,6378,27599,,
2026-10-01T00:48:29Z,117312693997244079,cnn,1122,4524,22749,,
2026-10-01T00:48:29Z,117312560106447861,cnn,0,0,1,,
2026-10-01T00:48:29Z,117312531137546490,cnn,763,4148,16714,,
2026-10-01T00:48:29Z,117310775870715938,cnn,4734,6137,31459,,
2026-10-01T00:48:29Z,117310724294153031,cnn,4271,6809,25838,,
2026-10-01T00:48:29Z,117310502008279319,cnn,591,2863,13193,,
2026-10-01T00:48:29Z,117310501298755407,cnn,286,2363,11177,,
2026-10-01T00:48:29Z,117310494630713204,cnn,270,2306,10641,,
2026-10-01T00:48:29Z,117310364553695688,cnn,1057,4265,18607,,
2026-10-01T00:48:29Z,117310166479352147,cnn,4324,9835,33465,,
2026-10-01T00:48:29Z,117309814170246776,cnn,1755,5159,18765,,
2026-10-01T00:48:29Z,117309799376551907,cnn,4187,3307,11904,,
2026-10-01T00:48:29Z,117309573610238654,cnn,2266,6802,32367,,
2026-10-01T00:48:29Z,117308930224398545,cnn,3676,7349,30984,,
2026-10-01T00:48:29Z,117308890736529824,cnn,3284,7098,26152,,
2026-10-01T00:48:29Z,117307292070204943,cnn,1032,3834,16339,,
2026-10-01T00:48:29Z,117307289681145880,cnn,610,3329,15541,,
2026-10-01T00:48:29Z,117307260504631667,cnn,1021,3557,17423,,
2026-10-01T00:48:29Z,117307257715841389,cnn,497,3273,13406,,
2026-10-01T00:48:29Z,117307255154500060,cnn,741,3668,14158,,
2026-10-01T00:48:29Z,117306567834657729,cnn,3162,4104,16713,,
2026-10-01T00:48:29Z,117306342307545273,cnn,831,2387,12919,,
2026-10-01T00:48:29Z,117305526182125195,cnn,1490,3425,15092,,
2026-10-01T00:48:29Z,117305110887067544,cnn,1424,3640,14039,,
2026-10-01T00:48:29Z,117305110118463243,cnn,839,3830,13683,,
2026-10-01T00:48:29Z,117305109272193640,cnn,506,3335,12919,,
2026-10-01T00:48:29Z,117304284426928910,cnn,2276,5741,22903,,
2026-10-01T00:48:29Z,117303611907345909,cnn,1037,4002,15345,,
2026-10-01T00:48:29Z,117303573478102353,cnn,5362,4442,14942,,
2026-10-01T00:48:29Z,117303154231930646,cnn,2069,5525,22884,,
2026-10-01T00:48:29Z,117301659812842043,cnn,893,3443,15850,,
2026-10-01T00:48:29Z,117298879209243512,cnn,2330,6511,27636,,
2026-10-01T00:48:29Z,117298821562014906,cnn,3331,7309,27069,,
2026-10-01T00:48:29Z,117298741939724787,cnn,2139,6500,25059,,
2026-10-01T00:48:29Z,117298413844042212,cnn,9071,4905,15321,,
2026-10-01T00:48:29Z,117295963548658778,cnn,1981,6392,20350,,
2026-10-01T00:48:29Z,117294485458402353,cnn,3469,8652,26274,,
2026-10-01T00:48:29Z,117294126158197822,cnn,7299,17134,65132,,
2026-10-01T00:48:29Z,117294006211890226,cnn,1478,5971,22690,,
2026-10-01T00:48:29Z,117293999250317993,cnn,467,3140,15186,,
2026-10-01T00:48:29Z,117293599348325006,cnn,11284,13914,56885,,
2026-10-01T00:48:29Z,117293533781828630,cnn,558,3526,13585,,
2026-10-01T00:48:29Z,117293485474940230,cnn,0,0,1,,
2026-10-01T00:48:29Z,117293466278795270,cnn,735,4215,17697,,
2026-10-01T00:48:29Z,117293463389669196,cnn,175,2646,12339,,
2026-10-01T00:48:29Z,117293461566506192,cnn,149,2417,11242,,
2026-10-01T00:48:29Z,117293460640615998,cnn,134,2243,10368,,
2026-10-01T00:48:29Z,117293456663113621,cnn,132,2138,9843,,
2026-10-01T00:48:29Z,117293453926779510,cnn,154,2204,9713,,
2026-10-01T00:48:29Z,117293452758039623,cnn,130,2034,9136,,
2026-10-01T00:48:29Z,117293450293989793,cnn,116,1890,8529,,
2026-10-01T00:48:29Z,117293447626672058,cnn,126,1930,8272,,
2026-10-01T00:48:29Z,117293443739276008,cnn,106,1702,7591,,
2026-10-01T00:48:29Z,117293414375817043,cnn,192,2059,8511,,
2026-10-01T00:48:29Z,117293409824088390,cnn,112,1707,7470,,
2026-10-01T00:48:29Z,117293400265439279,cnn,131,1563,6575,,
2026-10-01T00:48:29Z,117293383002117599,cnn,108,1194,4822,,
2026-10-01T00:48:29Z,117293380838894817,cnn,76,933,3670,,
2026-10-01T00:48:29Z,117293338603423306,cnn,1056,2261,8745,,
2026-10-01T00:48:29Z,117292605168784403,cnn,1791,2842,11334,,
2026-10-01T00:48:29Z,117292378116430890,cnn,605,1893,7179,,
2026-10-01T00:48:29Z,117290107011309524,cnn,1434,3153,10566,,
2026-10-01T00:48:29Z,117289658560181496,cnn,824,3290,10897,,
2026-10-01T00:48:29Z,117289656153250166,cnn,611,3027,9850,,
2026-10-01T00:48:29Z,117289646853203408,cnn,306,2155,7808,,
2026-10-01T00:48:29Z,117289625653769278,cnn,481,2395,8466,,
2026-10-01T00:48:29Z,117289624164356202,cnn,373,2518,8113,,
2026-10-01T00:48:29Z,117289429489598640,cnn,611,2943,11942,,
2026-10-01T00:48:29Z,117289176463500141,cnn,378,2184,9241,,
2026-10-01T00:48:29Z,117289173153775817,cnn,168,1896,8167,,
2026-10-01T00:48:29Z,117289151255093709,cnn,172,1773,7755,,
2026-10-01T00:48:29Z,117288829666075555,cnn,742,2989,9684,,
2026-10-01T00:48:29Z,117288682914955882,cnn,692,2347,8849,,
2026-10-01T00:48:29Z,117288669331309351,cnn,428,2447,9238,,
2026-10-01T00:48:29Z,117288668720110578,cnn,253,1972,8110,,
2026-10-01T00:48:29Z,117288665434502873,cnn,244,2052,7859,,
2026-10-01T00:48:29Z,117288059144172657,cnn,2080,5301,22315,,
2026-10-01T00:48:29Z,117287760638060322,cnn,696,2093,10205,,
2026-10-01T00:48:29Z,117287739238891727,cnn,565,2757,11150,,
2026-10-01T00:48:29Z,117287709695500284,cnn,403,2269,9638,,
2026-10-01T00:48:29Z,117287545147440255,cnn,1809,5764,29072,,
2026-10-01T00:48:29Z,117286503878102441,cnn,1343,3309,11271,,
2026-10-01T00:48:29Z,117284234108021902,cnn,0,0,2,,
2026-10-01T00:48:29Z,117284233667661974,cnn,810,3333,15958,,
2026-10-01T00:48:29Z,117284048835550983,cnn,2010,3864,18989,,
2026-10-01T00:48:29Z,117284047193618070,cnn,991,3318,15257,,
2026-10-01T00:48:29Z,117283767428386257,cnn,1167,3322,15296,,
2026-10-01T07:09:27Z,117363810994521058,cnn,78,217,679,,
2026-10-01T07:09:27Z,117363530938149737,cnn,209,677,1896,,
2026-10-01T07:09:27Z,117363529555626519,cnn,91,525,1609,,
2026-10-01T07:09:27Z,117363528339371665,cnn,129,634,2144,,
2026-10-01T07:09:27Z,117363279810129997,cnn,0,0,4,,
2026-10-01T07:09:27Z,117363279453563269,cnn,0,0,2,,
2026-10-01T07:09:27Z,117363279107343576,cnn,0,0,1,,
2026-10-01T07:09:27Z,117363277304148804,cnn,136,702,2341,,
2026-10-01T07:09:27Z,117363266224228487,cnn,190,921,3135,,
2026-10-01T07:09:27Z,117363264569974249,cnn,118,808,2907,,
2026-10-01T07:09:27Z,117363260871717815,cnn,171,848,2411,,
2026-10-01T07:09:27Z,117363258929059499,cnn,72,610,2209,,
2026-10-01T07:09:27Z,117363257382134049,cnn,80,708,2655,,
2026-10-01T07:09:27Z,117363255844500237,cnn,80,663,2561,,
2026-10-01T07:09:27Z,117363254598194638,cnn,128,740,2555,,
2026-10-01T07:09:27Z,117363252945698992,cnn,51,569,2264,,
2026-10-01T07:09:27Z,117363251732231828,cnn,76,614,2514,,
2026-10-01T07:09:27Z,117363250174439013,cnn,118,776,2730,,
2026-10-01T07:09:27Z,117363131054368093,cnn,348,1266,4507,,
2026-10-01T07:09:27Z,117363113783791267,cnn,136,712,2262,,
2026-10-01T07:09:27Z,117363089683591337,cnn,263,1074,3750,,
2026-10-01T07:09:27Z,117363088922196903,cnn,91,514,1955,,
2026-10-01T07:09:27Z,117362870737690439,cnn,503,1647,5912,,
2026-10-01T07:09:27Z,117362592371612185,cnn,0,0,1,,
2026-10-01T07:09:27Z,117362512481491992,cnn,268,889,2925,,
2026-10-01T07:09:27Z,117362512360400632,cnn,121,723,2549,,
2026-10-01T07:09:27Z,117362507109086060,cnn,217,1180,3928,,
2026-10-01T07:09:27Z,117362505555047950,cnn,172,1038,3446,,
2026-10-01T07:09:27Z,117361716972225267,cnn,2797,5934,21151,,
2026-10-01T07:09:27Z,117361125172345134,cnn,1539,4465,16647,,
2026-10-01T07:09:27Z,117361036176846921,cnn,1627,3682,13311,,
2026-10-01T07:09:27Z,117360881299832502,cnn,2398,4052,14195,,
2026-10-01T07:09:27Z,117360567091654673,cnn,529,2177,9146,,
2026-10-01T07:09:27Z,117357090030899348,cnn,1551,3589,12712,,
2026-10-01T07:09:27Z,117356435739432952,cnn,1363,3538,12686,,
2026-10-01T07:09:27Z,117356339820644146,cnn,838,3120,12452,,
2026-10-01T07:09:27Z,117356337184173252,cnn,622,3521,13896,,
2026-10-01T07:09:27Z,117355137125519227,cnn,1663,3316,13218,,
2026-10-01T07:09:27Z,117354335756073765,cnn,1541,5181,16509,,
2026-10-01T07:09:27Z,117352093333913680,cnn,1858,5034,18769,,
2026-10-01T07:09:27Z,117351985093810875,cnn,1089,4416,19680,,
2026-10-01T07:09:27Z,117350810719202305,cnn,2716,7437,24834,,
2026-10-01T07:09:27Z,117348562110206457,cnn,2532,5222,24158,,
2026-10-01T07:09:27Z,117348541943680165,cnn,1478,4325,20414,,
2026-10-01T07:09:27Z,117348516464234551,cnn,1079,4969,19984,,
2026-10-01T07:09:27Z,117348468544269011,cnn,1203,4839,19960,,
2026-10-01T07:09:27Z,117348448650549090,cnn,776,4016,12899,,
2026-10-01T07:09:27Z,117348447516971896,cnn,614,3973,15420,,
2026-10-01T07:09:27Z,117348446365820888,cnn,404,4251,16158,,
2026-10-01T07:09:27Z,117348445059479367,cnn,337,3613,14404,,
2026-10-01T07:09:27Z,117348443536619757,cnn,823,4151,11711,,
2026-10-01T07:09:27Z,117348369252080500,cnn,422,3059,10789,,
2026-10-01T07:09:27Z,117346779325099881,cnn,434,2749,12078,,
2026-10-01T07:09:27Z,117346775410000482,cnn,278,2421,11549,,
2026-10-01T07:09:27Z,117346773878574094,cnn,185,2245,10456,,
2026-10-01T07:09:27Z,117346772720086148,cnn,247,2394,10920,,
2026-10-01T07:09:27Z,117346770524529074,cnn,121,2056,9878,,
2026-10-01T07:09:27Z,117346769568699506,cnn,94,1868,9048,,
2026-10-01T07:09:27Z,117346763094750198,cnn,194,2006,9442,,
2026-10-01T07:09:27Z,117346090177597599,cnn,1120,2508,10968,,
2026-10-01T07:09:27Z,117345281669990405,cnn,628,2792,12499,,
2026-10-01T07:09:27Z,117345157982014484,cnn,652,2352,11811,,
2026-10-01T07:09:27Z,117345157682476645,cnn,261,1845,9460,,
2026-10-01T07:09:27Z,117345156811518439,cnn,226,1727,8755,,
2026-10-01T07:09:27Z,117345156244405938,cnn,173,1635,8428,,
2026-10-01T07:09:27Z,117345155558415047,cnn,139,1491,7885,,
2026-10-01T07:09:27Z,117345154924391841,cnn,129,1506,7901,,
2026-10-01T07:09:27Z,117345154385217283,cnn,114,1451,7561,,
2026-10-01T07:09:27Z,117345053471706888,cnn,351,1929,9383,,
2026-10-01T07:09:27Z,117344981384499824,cnn,357,1980,9794,,
2026-10-01T07:09:27Z,117344980633302086,cnn,265,1948,9898,,
2026-10-01T07:09:27Z,117344980210723137,cnn,135,1648,8661,,
2026-10-01T07:09:27Z,117344979495317552,cnn,135,1438,7325,,
2026-10-01T07:09:27Z,117344978962019270,cnn,176,1438,7272,,
2026-10-01T07:09:27Z,117344976000779585,cnn,147,1335,6951,,
2026-10-01T07:09:27Z,117344975198365396,cnn,125,1388,6931,,
2026-10-01T07:09:27Z,117344784651239190,cnn,757,2057,9440,,
2026-10-01T07:09:27Z,117344773205161235,cnn,449,2037,8840,,
2026-10-01T07:09:27Z,117343820394720021,cnn,1047,2615,8868,,
2026-10-01T07:09:27Z,117343672160611130,cnn,1072,3846,15270,,
2026-10-01T07:09:27Z,117343153272784169,cnn,0,0,2,,
2026-10-01T07:09:27Z,117343152769130235,cnn,402,1729,6354,,
2026-10-01T07:09:27Z,117343152138358246,cnn,251,1445,5393,,
2026-10-01T07:09:27Z,117342927581199006,cnn,1698,3626,15738,,
2026-10-01T07:09:27Z,117340294147897033,cnn,2702,5181,19594,,
2026-10-01T07:09:27Z,117339697268234753,cnn,849,3649,14723,,
2026-10-01T07:09:27Z,117339693977416746,cnn,1923,4832,17818,,
2026-10-01T07:09:27Z,117339693821962863,cnn,500,3092,12691,,
2026-10-01T07:09:27Z,117339672558278827,cnn,0,0,2,,
2026-10-01T07:09:27Z,117339650202836763,cnn,317,2322,10252,,
2026-10-01T07:09:27Z,117339634674669231,cnn,276,2336,10319,,
2026-10-01T07:09:27Z,117339631831278857,cnn,276,2260,10150,,
2026-10-01T07:09:27Z,117339631612858977,cnn,235,2290,10258,,
2026-10-01T07:09:27Z,117339601866366888,cnn,266,1654,6725,,
2026-10-01T07:09:27Z,117339599342443326,cnn,106,1383,6404,,
2026-10-01T07:09:27Z,117339598713942230,cnn,92,1388,6370,,
2026-10-01T07:09:27Z,117339598059843086,cnn,99,1358,6221,,
2026-10-01T07:09:27Z,117339597349471940,cnn,105,1401,6407,,
2026-10-01T07:09:27Z,117339596643861955,cnn,118,1375,6012,,
2026-10-01T07:09:27Z,117339595987738159,cnn,74,1171,5159,,
2026-10-01T07:09:27Z,117339595344002712,cnn,67,1074,4852,,
2026-10-01T07:09:27Z,117339594579276473,cnn,84,1153,4923,,
2026-10-01T07:09:27Z,117339593802451277,cnn,58,999,4559,,
2026-10-01T07:09:27Z,117339592897068385,cnn,66,1017,4461,,
2026-10-01T07:09:27Z,117339591851529041,cnn,43,489,1983,,
2026-10-01T07:09:27Z,117339590790417891,cnn,34,219,707,,
2026-10-01T07:09:27Z,117339537275478198,cnn,220,533,1514,,
2026-10-01T07:09:27Z,117339532573237378,cnn,139,552,1846,,
2026-10-01T07:09:27Z,117338936999613227,cnn,999,2378,8417,,
2026-10-01T07:09:27Z,117338873310369293,cnn,822,2088,7281,,
2026-10-01T07:09:27Z,117338872385629287,cnn,348,1430,6248,,
2026-10-01T07:09:27Z,117338817881626356,cnn,295,1384,5856,,
2026-10-01T07:09:27Z,117338166998410817,cnn,1449,3286,10424,,
2026-10-01T07:09:27Z,117337563385196014,cnn,1114,3244,12507,,
2026-10-01T07:09:27Z,117337562817997862,cnn,739,3238,12108,,
2026-10-01T07:09:27Z,117337562138904273,cnn,440,2468,8626,,
2026-10-01T07:09:27Z,117337561585606406,cnn,259,1946,7435,,
2026-10-01T07:09:27Z,117337555438970724,cnn,245,2000,7267,,
2026-10-01T07:09:27Z,117337555068452986,cnn,211,1932,7218,,
2026-10-01T07:09:27Z,117337554905327419,cnn,184,1775,6896,,
2026-10-01T07:09:27Z,117337554252680986,cnn,156,1688,6330,,
2026-10-01T07:09:27Z,117337552716803527,cnn,156,1697,6122,,
2026-10-01T07:09:27Z,117337545332163657,cnn,147,1513,5833,,
2026-10-01T07:09:27Z,117337544317575633,cnn,153,1672,6147,,
2026-10-01T07:09:27Z,117337541233609775,cnn,124,1479,5541,,
2026-10-01T07:09:27Z,117337538836314073,cnn,118,1422,5406,,
2026-10-01T07:09:27Z,117337538123089885,cnn,98,1279,5083,,
2026-10-01T07:09:27Z,117337537057603991,cnn,118,1336,5033,,
2026-10-01T07:09:27Z,117337535044080608,cnn,150,1275,4530,,
2026-10-01T07:09:27Z,117337515298516566,cnn,165,1242,4663,,
2026-10-01T07:09:27Z,117337317276437965,cnn,4428,6237,28086,,
2026-10-01T07:09:27Z,117337298336162712,cnn,683,2147,9443,,
2026-10-01T07:09:27Z,117337288574793449,cnn,323,1590,5175,,
2026-10-01T07:09:27Z,117336958253518518,cnn,818,1598,6215,,
2026-10-01T07:09:27Z,117336955762275361,cnn,199,922,3915,,
2026-10-01T07:09:27Z,117336883864922392,cnn,151,1024,4124,,
2026-10-01T07:09:27Z,117336881513699850,cnn,255,1395,5125,,
2026-10-01T07:09:27Z,117336880365536098,cnn,191,908,3336,,
2026-10-01T07:09:27Z,117336878808999802,cnn,118,877,3788,,
2026-10-01T07:09:27Z,117336875720742753,cnn,124,869,3366,,
2026-10-01T07:09:27Z,117336873800272630,cnn,127,1105,4236,,
2026-10-01T07:09:27Z,117336867875974840,cnn,104,888,3716,,
2026-10-01T07:09:27Z,117336866629561228,cnn,127,884,2761,,
2026-10-01T07:09:27Z,117336865039856065,cnn,92,906,3551,,
2026-10-01T07:09:27Z,117335207360789365,cnn,574,1319,5515,,
2026-10-01T07:09:27Z,117335134484713012,cnn,0,0,0,,
2026-10-01T07:09:27Z,117335133781136092,cnn,931,3220,8213,,
2026-10-01T07:09:27Z,117335132934731885,cnn,447,2146,6501,,
2026-10-01T07:09:27Z,117335096216476204,cnn,0,0,0,,
2026-10-01T07:09:27Z,117334616518733576,cnn,1165,2558,10438,,
2026-10-01T07:09:27Z,117334615895357863,cnn,401,2062,9739,,
2026-10-01T07:09:27Z,117334615137251467,cnn,504,2973,8927,,
2026-10-01T07:09:27Z,117334614580064997,cnn,336,1766,8234,,
2026-10-01T07:09:27Z,117334613964287437,cnn,301,1686,7905,,
2026-10-01T07:09:27Z,117334612644472968,cnn,174,1632,6184,,
2026-10-01T07:09:27Z,117334612403862517,cnn,453,2270,8231,,
2026-10-01T07:09:27Z,117334607798644557,cnn,127,1436,5527,,
2026-10-01T07:09:27Z,117334600981102955,cnn,150,1398,5449,,
2026-10-01T07:09:27Z,117334597869715991,cnn,131,1372,5255,,
2026-10-01T07:09:27Z,117334592653744426,cnn,185,1581,5609,,
2026-10-01T07:09:27Z,117334585893103406,cnn,279,1653,6177,,
2026-10-01T07:09:27Z,117334581279782762,cnn,124,1293,4717,,
2026-10-01T07:09:27Z,117334572312502332,cnn,132,1322,4844,,
2026-10-01T07:09:27Z,117334553306774218,cnn,156,1348,4906,,
2026-10-01T07:09:27Z,117334540969398393,cnn,178,1410,4967,,
2026-10-01T07:09:27Z,117334539738676098,cnn,84,894,3316,,
2026-10-01T07:09:27Z,117334536526706403,cnn,84,814,2840,,
2026-10-01T07:09:27Z,117334093403653279,cnn,421,1463,4892,,
2026-10-01T07:09:27Z,117333027652824076,cnn,641,2186,9574,,
2026-10-01T07:09:27Z,117332812545704813,cnn,1019,2838,12335,,
2026-10-01T07:09:27Z,117332704655075384,cnn,1454,5653,27131,,
2026-10-01T07:09:27Z,117331749278785253,cnn,2377,4955,23119,,
2026-10-01T07:09:27Z,117331365166932627,cnn,0,0,1,,
2026-10-01T07:09:27Z,117331168888375355,cnn,642,3427,15981,,
2026-10-01T07:09:27Z,117328536706468024,cnn,1489,5578,22187,,
2026-10-01T07:09:27Z,117327988960070739,cnn,2883,5147,20131,,
2026-10-01T07:09:27Z,117327681306671844,cnn,924,3006,13773,,
2026-10-01T07:09:27Z,117327646948735900,cnn,514,2843,12965,,
2026-10-01T07:09:27Z,117327644914730355,cnn,354,2570,11382,,
2026-10-01T07:09:27Z,117327644146401995,cnn,263,2420,11095,,
2026-10-01T07:09:27Z,117327643319552969,cnn,217,2291,10047,,
2026-10-01T07:09:27Z,117327642327005783,cnn,191,2127,9810,,
2026-10-01T07:09:27Z,117326213046216794,cnn,1010,3870,13370,,
2026-10-01T07:09:27Z,117326052176100666,cnn,0,0,1,,
2026-10-01T07:09:27Z,117326051988618124,cnn,0,0,2,,
2026-10-01T07:09:27Z,117326051816460015,cnn,0,0,1,,
2026-10-01T07:09:27Z,117326051384402820,cnn,0,0,0,,
2026-10-01T07:09:27Z,117326051069666611,cnn,0,0,1,,
2026-10-01T07:09:27Z,117326047233268228,cnn,510,2653,9072,,
2026-10-01T07:09:27Z,117326044871082645,cnn,213,1769,6943,,
2026-10-01T07:09:27Z,117326000312372207,cnn,190,1846,7099,,
2026-10-01T07:09:27Z,117326000129865390,cnn,386,1860,8338,,
2026-10-01T07:09:27Z,117325992695243662,cnn,99,1439,5783,,
2026-10-01T07:09:27Z,117325988723052373,cnn,95,1406,5619,,
2026-10-01T07:09:27Z,117325987378356876,cnn,97,1323,4863,,
2026-10-01T07:09:27Z,117325981350058861,cnn,603,2414,9697,,
2026-10-01T07:09:27Z,117325763597478758,cnn,1754,3874,17882,,
2026-10-01T07:09:27Z,117325728133569564,cnn,794,3022,11580,,
2026-10-01T07:09:27Z,117325694783376982,cnn,877,2748,12313,,
2026-10-01T07:09:27Z,117323511508375196,cnn,1042,3236,14025,,
2026-10-01T07:09:27Z,117323155721195611,cnn,1527,4462,16332,,
2026-10-01T07:09:27Z,117323148147220269,cnn,593,3532,14246,,
2026-10-01T07:09:27Z,117322092055919832,cnn,1383,2965,12367,,
2026-10-01T07:09:27Z,117322065119445871,cnn,516,2293,11062,,
2026-10-01T07:09:27Z,117320581360547091,cnn,1420,5042,15726,,
2026-10-01T07:09:27Z,117320509296515188,cnn,4416,7967,31294,,
2026-10-01T07:09:27Z,117320385350427395,cnn,842,4196,15125,,
2026-10-01T07:09:27Z,117318371569831036,cnn,962,3339,13831,,
2026-10-01T07:09:27Z,117318370203435194,cnn,589,2891,12504,,
2026-10-01T07:09:27Z,117318368847920040,cnn,638,2528,11010,,
2026-10-01T07:09:27Z,117318365806497574,cnn,1214,3727,14299,,
2026-10-01T07:09:27Z,117318329260090686,cnn,2133,4552,17919,,
2026-10-01T07:09:27Z,117316991845409643,cnn,1423,3958,12524,,
2026-10-01T07:09:27Z,117314399826449877,cnn,3776,6378,27599,,
2026-10-01T07:09:27Z,117312693997244079,cnn,1122,4524,22749,,
2026-10-01T07:09:27Z,117312560106447861,cnn,0,0,1,,
2026-10-01T07:09:27Z,117312531137546490,cnn,763,4148,16714,,
2026-10-01T07:09:27Z,117310775870715938,cnn,4734,6137,31459,,
2026-10-01T07:09:27Z,117310724294153031,cnn,4271,6809,25838,,
2026-10-01T07:09:27Z,117310502008279319,cnn,591,2863,13193,,
2026-10-01T07:09:27Z,117310501298755407,cnn,286,2363,11177,,
2026-10-01T07:09:27Z,117310494630713204,cnn,270,2306,10641,,
2026-10-01T07:09:27Z,117310364553695688,cnn,1057,4265,18607,,
2026-10-01T07:09:27Z,117310166479352147,cnn,4324,9835,33465,,
2026-10-01T07:09:27Z,117309814170246776,cnn,1755,5159,18765,,
2026-10-01T07:09:27Z,117309799376551907,cnn,4187,3307,11904,,
2026-10-01T07:09:27Z,117309573610238654,cnn,2266,6802,32367,,
2026-10-01T07:09:27Z,117308930224398545,cnn,3676,7349,30984,,
2026-10-01T07:09:27Z,117308890736529824,cnn,3284,7098,26152,,
2026-10-01T07:09:27Z,117307292070204943,cnn,1032,3834,16339,,
2026-10-01T07:09:27Z,117307289681145880,cnn,610,3329,15541,,
2026-10-01T07:09:27Z,117307260504631667,cnn,1021,3557,17423,,
2026-10-01T07:09:27Z,117307257715841389,cnn,497,3273,13406,,
2026-10-01T07:09:27Z,117307255154500060,cnn,741,3668,14158,,
2026-10-01T07:09:27Z,117306567834657729,cnn,3162,4104,16713,,
2026-10-01T07:09:27Z,117306342307545273,cnn,831,2387,12919,,
2026-10-01T07:09:27Z,117305526182125195,cnn,1490,3425,15092,,
2026-10-01T07:09:27Z,117305110887067544,cnn,1424,3640,14039,,
2026-10-01T07:09:27Z,117305110118463243,cnn,839,3830,13683,,
2026-10-01T07:09:27Z,117305109272193640,cnn,506,3335,12919,,
2026-10-01T07:09:27Z,117304284426928910,cnn,2276,5741,22903,,
2026-10-01T07:09:27Z,117303611907345909,cnn,1037,4002,15345,,
2026-10-01T07:09:27Z,117303573478102353,cnn,5362,4442,14942,,
2026-10-01T07:09:27Z,117303154231930646,cnn,2069,5525,22884,,
2026-10-01T07:09:27Z,117301659812842043,cnn,893,3443,15850,,
2026-10-01T07:09:27Z,117298879209243512,cnn,2330,6511,27636,,
2026-10-01T07:09:27Z,117298821562014906,cnn,3331,7309,27069,,
2026-10-01T07:09:27Z,117298741939724787,cnn,2139,6500,25059,,
2026-10-01T07:09:27Z,117298413844042212,cnn,9071,4905,15321,,
2026-10-01T07:09:27Z,117295963548658778,cnn,1981,6392,20350,,
2026-10-01T07:09:27Z,117294485458402353,cnn,3469,8652,26274,,
2026-10-01T07:09:27Z,117294126158197822,cnn,7299,17134,65132,,
2026-10-01T07:09:27Z,117294006211890226,cnn,1478,5971,22690,,
2026-10-01T07:09:27Z,117293999250317993,cnn,467,3140,15186,,
2026-10-01T07:09:27Z,117293599348325006,cnn,11284,13914,56885,,
2026-10-01T07:09:27Z,117293533781828630,cnn,558,3526,13585,,
2026-10-01T07:09:27Z,117293485474940230,cnn,0,0,1,,
2026-10-01T07:09:27Z,117293466278795270,cnn,735,4215,17697,,
2026-10-01T07:09:27Z,117293463389669196,cnn,175,2646,12339,,
2026-10-01T07:09:27Z,117293461566506192,cnn,149,2417,11242,,
2026-10-01T07:09:27Z,117293460640615998,cnn,134,2243,10368,,
2026-10-01T07:09:27Z,117293456663113621,cnn,132,2138,9843,,
2026-10-01T07:09:27Z,117293453926779510,cnn,154,2204,9713,,
2026-10-01T07:09:27Z,117293452758039623,cnn,130,2034,9136,,
2026-10-01T07:09:27Z,117293450293989793,cnn,116,1890,8529,,
2026-10-01T07:09:27Z,117293447626672058,cnn,126,1930,8272,,
2026-10-01T07:09:27Z,117293443739276008,cnn,106,1702,7591,,
2026-10-01T07:09:27Z,117293414375817043,cnn,192,2059,8511,,
2026-10-01T07:09:27Z,117293409824088390,cnn,112,1707,7470,,
2026-10-01T07:09:27Z,117293400265439279,cnn,131,1563,6575,,
2026-10-01T07:09:27Z,117293383002117599,cnn,108,1194,4822,,
2026-10-01T07:09:27Z,117293380838894817,cnn,76,933,3670,,
2026-10-01T07:09:27Z,117293338603423306,cnn,1056,2261,8745,,
2026-10-01T07:09:27Z,117292605168784403,cnn,1791,2842,11334,,
2026-10-01T07:09:27Z,117292378116430890,cnn,605,1893,7179,,
2026-10-01T07:09:27Z,117290107011309524,cnn,1434,3153,10566,,
2026-10-01T07:09:27Z,117289658560181496,cnn,824,3290,10897,,
2026-10-01T07:09:27Z,117289656153250166,cnn,611,3027,9850,,
2026-10-01T07:09:27Z,117289646853203408,cnn,306,2155,7808,,
2026-10-01T07:09:27Z,117289625653769278,cnn,481,2395,8466,,
2026-10-01T07:09:27Z,117289624164356202,cnn,373,2518,8113,,
2026-10-01T07:09:27Z,117289429489598640,cnn,611,2943,11942,,
2026-10-01T07:09:27Z,117289176463500141,cnn,378,2184,9241,,
2026-10-01T07:09:27Z,117289173153775817,cnn,168,1896,8167,,
2026-10-01T07:09:27Z,117289151255093709,cnn,172,1773,7755,,
2026-10-01T07:09:27Z,117288829666075555,cnn,742,2989,9684,,
2026-10-01T07:09:27Z,117288682914955882,cnn,692,2347,8849,,
2026-10-01T07:09:27Z,117288669331309351,cnn,428,2447,9238,,
2026-10-01T07:09:27Z,117288668720110578,cnn,253,1972,8110,,
2026-10-01T07:09:27Z,117288665434502873,cnn,244,2052,7859,,
2026-10-01T07:09:27Z,117288059144172657,cnn,2080,5301,22315,,
2026-10-01T07:09:27Z,117287760638060322,cnn,696,2093,10205,,
2026-10-01T07:09:27Z,117287739238891727,cnn,565,2757,11150,,
2026-10-01T07:09:27Z,117287709695500284,cnn,403,2269,9638,,
2026-10-01T07:09:27Z,117287545147440255,cnn,1809,5764,29072,,
2026-10-01T07:09:27Z,117286503878102441,cnn,1343,3309,11271,,
2026-10-01T14:44:57Z,117363810994521058,cnn,814,2636,11296,,
2026-10-01T14:44:57Z,117363530938149737,cnn,524,2527,8253,,
2026-10-01T14:44:57Z,117363529555626519,cnn,264,1932,6968,,
2026-10-01T14:44:57Z,117363528339371665,cnn,491,2460,9150,,
2026-10-01T14:44:57Z,117363279810129997,cnn,0,0,6,,
2026-10-01T14:44:57Z,117363279453563269,cnn,0,0,3,,
2026-10-01T14:44:57Z,117363279107343576,cnn,0,0,1,,
2026-10-01T14:44:57Z,117363277304148804,cnn,243,1676,5933,,
2026-10-01T14:44:57Z,117363266224228487,cnn,323,2028,7583,,
2026-10-01T14:44:57Z,117363264569974249,cnn,234,1800,7151,,
2026-10-01T14:44:57Z,117363260871717815,cnn,306,1860,5929,,
2026-10-01T14:44:57Z,117363258929059499,cnn,145,1309,5380,,
2026-10-01T14:44:57Z,117363257382134049,cnn,139,1565,6315,,
2026-10-01T14:44:57Z,117363255844500237,cnn,121,1453,6110,,
2026-10-01T14:44:57Z,117363254598194638,cnn,246,1651,6218,,
2026-10-01T14:44:57Z,117363252945698992,cnn,73,1230,5417,,
2026-10-01T14:44:57Z,117363251732231828,cnn,130,1347,6009,,
2026-10-01T14:44:57Z,117363250174439013,cnn,210,1673,6441,,
2026-10-01T14:44:57Z,117363131054368093,cnn,476,2393,8917,,
2026-10-01T14:44:57Z,117363113783791267,cnn,164,1202,4041,,
2026-10-01T14:44:57Z,117363089683591337,cnn,263,1074,3750,,
2026-10-01T14:44:57Z,117363088922196903,cnn,91,514,1955,,
2026-10-01T14:44:57Z,117362870737690439,cnn,503,1647,5912,,
2026-10-01T14:44:57Z,117362592371612185,cnn,0,0,1,,
2026-10-01T14:44:57Z,117362512481491992,cnn,268,889,2925,,
2026-10-01T14:44:57Z,117362512360400632,cnn,121,723,2549,,
2026-10-01T14:44:57Z,117362507109086060,cnn,217,1180,3928,,
2026-10-01T14:44:57Z,117362505555047950,cnn,172,1038,3446,,
2026-10-01T14:44:57Z,117361716972225267,cnn,2797,5934,21151,,
2026-10-01T14:44:57Z,117361125172345134,cnn,1539,4465,16647,,
2026-10-01T14:44:57Z,117361036176846921,cnn,1627,3682,13311,,
2026-10-01T14:44:57Z,117360881299832502,cnn,2398,4052,14195,,
2026-10-01T14:44:57Z,117360567091654673,cnn,529,2177,9146,,
2026-10-01T14:44:57Z,117357090030899348,cnn,1551,3589,12712,,
2026-10-01T14:44:57Z,117356435739432952,cnn,1363,3538,12686,,
2026-10-01T14:44:57Z,117356339820644146,cnn,838,3120,12452,,
2026-10-01T14:44:57Z,117356337184173252,cnn,622,3521,13896,,
2026-10-01T14:44:57Z,117355137125519227,cnn,1663,3316,13218,,
2026-10-01T14:44:57Z,117354335756073765,cnn,1541,5181,16509,,
2026-10-01T14:44:57Z,117352093333913680,cnn,1858,5034,18769,,
2026-10-01T14:44:57Z,117351985093810875,cnn,1089,4416,19680,,
2026-10-01T14:44:57Z,117350810719202305,cnn,2716,7437,24834,,
2026-10-01T14:44:57Z,117348562110206457,cnn,2532,5222,24158,,
2026-10-01T14:44:57Z,117348541943680165,cnn,1478,4325,20414,,
2026-10-01T14:44:57Z,117348516464234551,cnn,1079,4969,19984,,
2026-10-01T14:44:57Z,117348468544269011,cnn,1203,4839,19960,,
2026-10-01T14:44:57Z,117348448650549090,cnn,776,4016,12899,,
2026-10-01T14:44:57Z,117348447516971896,cnn,614,3973,15420,,
2026-10-01T14:44:57Z,117348446365820888,cnn,404,4251,16158,,
2026-10-01T14:44:57Z,117348445059479367,cnn,337,3613,14404,,
2026-10-01T14:44:57Z,117348443536619757,cnn,823,4151,11711,,
2026-10-01T14:44:57Z,117348369252080500,cnn,422,3059,10789,,
2026-10-01T14:44:57Z,117346779325099881,cnn,434,2749,12078,,
2026-10-01T14:44:57Z,117346775410000482,cnn,278,2421,11549,,
2026-10-01T14:44:57Z,117346773878574094,cnn,185,2245,10456,,
2026-10-01T14:44:57Z,117346772720086148,cnn,247,2394,10920,,
2026-10-01T14:44:57Z,117346770524529074,cnn,121,2056,9878,,
2026-10-01T14:44:57Z,117346769568699506,cnn,94,1868,9048,,
2026-10-01T14:44:57Z,117346763094750198,cnn,194,2006,9442,,
2026-10-01T14:44:57Z,117346090177597599,cnn,1120,2508,10968,,
2026-10-01T14:44:57Z,117345281669990405,cnn,628,2792,12499,,
2026-10-01T14:44:57Z,117345157982014484,cnn,652,2352,11811,,
2026-10-01T14:44:57Z,117345157682476645,cnn,261,1845,9460,,
2026-10-01T14:44:57Z,117345156811518439,cnn,226,1727,8755,,
2026-10-01T14:44:57Z,117345156244405938,cnn,173,1635,8428,,
2026-10-01T14:44:57Z,117345155558415047,cnn,139,1491,7885,,
2026-10-01T14:44:57Z,117345154924391841,cnn,129,1506,7901,,
2026-10-01T14:44:57Z,117345154385217283,cnn,114,1451,7561,,
2026-10-01T14:44:57Z,117345053471706888,cnn,351,1929,9383,,
2026-10-01T14:44:57Z,117344981384499824,cnn,357,1980,9794,,
2026-10-01T14:44:57Z,117344980633302086,cnn,265,1948,9898,,
2026-10-01T14:44:57Z,117344980210723137,cnn,135,1648,8661,,
2026-10-01T14:44:57Z,117344979495317552,cnn,135,1438,7325,,
2026-10-01T14:44:57Z,117344978962019270,cnn,176,1438,7272,,
2026-10-01T14:44:57Z,117344976000779585,cnn,147,1335,6951,,
2026-10-01T14:44:57Z,117344975198365396,cnn,125,1388,6931,,
2026-10-01T14:44:57Z,117344784651239190,cnn,757,2057,9440,,
2026-10-01T14:44:57Z,117344773205161235,cnn,449,2037,8840,,
2026-10-01T14:44:57Z,117343820394720021,cnn,1047,2615,8868,,
2026-10-01T14:44:57Z,117343672160611130,cnn,1072,3846,15270,,
2026-10-01T14:44:57Z,117343153272784169,cnn,0,0,2,,
2026-10-01T14:44:57Z,117343152769130235,cnn,402,1729,6354,,
2026-10-01T14:44:57Z,117343152138358246,cnn,251,1445,5393,,
2026-10-01T14:44:57Z,117342927581199006,cnn,1698,3626,15738,,
2026-10-01T14:44:57Z,117340294147897033,cnn,2702,5181,19594,,
2026-10-01T14:44:57Z,117339697268234753,cnn,849,3649,14723,,
2026-10-01T14:44:57Z,117339693977416746,cnn,1923,4832,17818,,
2026-10-01T14:44:57Z,117339693821962863,cnn,500,3092,12691,,
2026-10-01T14:44:57Z,117339672558278827,cnn,0,0,2,,
2026-10-01T14:44:57Z,117339650202836763,cnn,317,2322,10252,,
2026-10-01T14:44:57Z,117339634674669231,cnn,276,2336,10319,,
2026-10-01T14:44:57Z,117339631831278857,cnn,276,2260,10150,,
2026-10-01T14:44:57Z,117339631612858977,cnn,235,2290,10258,,
2026-10-01T14:44:57Z,117339601866366888,cnn,266,1654,6725,,
2026-10-01T14:44:57Z,117339599342443326,cnn,106,1383,6404,,
2026-10-01T14:44:57Z,117339598713942230,cnn,92,1388,6370,,
2026-10-01T14:44:57Z,117339598059843086,cnn,99,1358,6221,,
2026-10-01T14:44:57Z,117339597349471940,cnn,105,1401,6407,,
2026-10-01T14:44:57Z,117339596643861955,cnn,118,1375,6012,,
2026-10-01T14:44:57Z,117339595987738159,cnn,74,1171,5159,,
2026-10-01T14:44:57Z,117339595344002712,cnn,67,1074,4852,,
2026-10-01T14:44:57Z,117339594579276473,cnn,84,1153,4923,,
2026-10-01T14:44:57Z,117339593802451277,cnn,58,999,4559,,
2026-10-01T14:44:57Z,117339592897068385,cnn,66,1017,4461,,
2026-10-01T14:44:57Z,117339591851529041,cnn,43,489,1983,,
2026-10-01T14:44:57Z,117339590790417891,cnn,34,219,707,,
2026-10-01T14:44:57Z,117339537275478198,cnn,220,533,1514,,
2026-10-01T14:44:57Z,117339532573237378,cnn,139,552,1846,,
2026-10-01T14:44:57Z,117338936999613227,cnn,999,2378,8417,,
2026-10-01T14:44:57Z,117338873310369293,cnn,822,2088,7281,,
2026-10-01T14:44:57Z,117338872385629287,cnn,348,1430,6248,,
2026-10-01T14:44:57Z,117338817881626356,cnn,295,1384,5856,,
2026-10-01T14:44:57Z,117338166998410817,cnn,1449,3286,10424,,
2026-10-01T14:44:57Z,117337563385196014,cnn,1114,3244,12507,,
2026-10-01T14:44:57Z,117337562817997862,cnn,739,3238,12108,,
2026-10-01T14:44:57Z,117337562138904273,cnn,440,2468,8626,,
2026-10-01T14:44:57Z,117337561585606406,cnn,259,1946,7435,,
2026-10-01T14:44:57Z,117337555438970724,cnn,245,2000,7267,,
2026-10-01T14:44:57Z,117337555068452986,cnn,211,1932,7218,,
2026-10-01T14:44:57Z,117337554905327419,cnn,184,1775,6896,,
2026-10-01T14:44:57Z,117337554252680986,cnn,156,1688,6330,,
2026-10-01T14:44:57Z,117337552716803527,cnn,156,1697,6122,,
2026-10-01T14:44:57Z,117337545332163657,cnn,147,1513,5833,,
2026-10-01T14:44:57Z,117337544317575633,cnn,153,1672,6147,,
2026-10-01T14:44:57Z,117337541233609775,cnn,124,1479,5541,,
2026-10-01T14:44:57Z,117337538836314073,cnn,118,1422,5406,,
2026-10-01T14:44:57Z,117337538123089885,cnn,98,1279,5083,,
2026-10-01T14:44:57Z,117337537057603991,cnn,118,1336,5033,,
2026-10-01T14:44:57Z,117337535044080608,cnn,150,1275,4530,,
2026-10-01T14:44:57Z,117337515298516566,cnn,165,1242,4663,,
2026-10-01T14:44:57Z,117337317276437965,cnn,4428,6237,28086,,
2026-10-01T14:44:57Z,117337298336162712,cnn,683,2147,9443,,
2026-10-01T14:44:57Z,117337288574793449,cnn,323,1590,5175,,
2026-10-01T14:44:57Z,117336958253518518,cnn,818,1598,6215,,
2026-10-01T14:44:57Z,117336955762275361,cnn,199,922,3915,,
2026-10-01T14:44:57Z,117336883864922392,cnn,151,1024,4124,,
2026-10-01T14:44:57Z,117336881513699850,cnn,255,1395,5125,,
2026-10-01T14:44:57Z,117336880365536098,cnn,191,908,3336,,
2026-10-01T14:44:57Z,117336878808999802,cnn,118,877,3788,,
2026-10-01T14:44:57Z,117336875720742753,cnn,124,869,3366,,
2026-10-01T14:44:57Z,117336873800272630,cnn,127,1105,4236,,
2026-10-01T14:44:57Z,117336867875974840,cnn,104,888,3716,,
2026-10-01T14:44:57Z,117336866629561228,cnn,127,884,2761,,
2026-10-01T14:44:57Z,117336865039856065,cnn,92,906,3551,,
2026-10-01T14:44:57Z,117335207360789365,cnn,574,1319,5515,,
2026-10-01T14:44:57Z,117335134484713012,cnn,0,0,0,,
2026-10-01T14:44:57Z,117335133781136092,cnn,931,3220,8213,,
2026-10-01T14:44:57Z,117335132934731885,cnn,447,2146,6501,,
2026-10-01T14:44:57Z,117335096216476204,cnn,0,0,0,,
2026-10-01T14:44:57Z,117334616518733576,cnn,1165,2558,10438,,
2026-10-01T14:44:57Z,117334615895357863,cnn,401,2062,9739,,
2026-10-01T14:44:57Z,117334615137251467,cnn,504,2973,8927,,
2026-10-01T14:44:57Z,117334614580064997,cnn,336,1766,8234,,
2026-10-01T14:44:57Z,117334613964287437,cnn,301,1686,7905,,
2026-10-01T14:44:57Z,117334612644472968,cnn,174,1632,6184,,
2026-10-01T14:44:57Z,117334612403862517,cnn,453,2270,8231,,
2026-10-01T14:44:57Z,117334607798644557,cnn,127,1436,5527,,
2026-10-01T14:44:57Z,117334600981102955,cnn,150,1398,5449,,
2026-10-01T14:44:57Z,117334597869715991,cnn,131,1372,5255,,
2026-10-01T14:44:57Z,117334592653744426,cnn,185,1581,5609,,
2026-10-01T14:44:57Z,117334585893103406,cnn,279,1653,6177,,
2026-10-01T14:44:57Z,117334581279782762,cnn,124,1293,4717,,
2026-10-01T14:44:57Z,117334572312502332,cnn,132,1322,4844,,
2026-10-01T14:44:57Z,117334553306774218,cnn,156,1348,4906,,
2026-10-01T14:44:57Z,117334540969398393,cnn,178,1410,4967,,
2026-10-01T14:44:57Z,117334539738676098,cnn,84,894,3316,,
2026-10-01T14:44:57Z,117334536526706403,cnn,84,814,2840,,
2026-10-01T14:44:57Z,117334093403653279,cnn,421,1463,4892,,
2026-10-01T14:44:57Z,117333027652824076,cnn,641,2186,9574,,
2026-10-01T14:44:57Z,117332812545704813,cnn,1019,2838,12335,,
2026-10-01T14:44:57Z,117332704655075384,cnn,1454,5653,27131,,
2026-10-01T14:44:57Z,117331749278785253,cnn,2377,4955,23119,,
2026-10-01T14:44:57Z,117331365166932627,cnn,0,0,1,,
2026-10-01T14:44:57Z,117331168888375355,cnn,642,3427,15981,,
2026-10-01T14:44:57Z,117328536706468024,cnn,1489,5578,22187,,
2026-10-01T14:44:57Z,117327988960070739,cnn,2883,5147,20131,,
2026-10-01T14:44:57Z,117327681306671844,cnn,924,3006,13773,,
2026-10-01T14:44:57Z,117327646948735900,cnn,514,2843,12965,,
2026-10-01T14:44:57Z,117327644914730355,cnn,354,2570,11382,,
2026-10-01T14:44:57Z,117327644146401995,cnn,263,2420,11095,,
2026-10-01T14:44:57Z,117327643319552969,cnn,217,2291,10047,,
2026-10-01T14:44:57Z,117327642327005783,cnn,191,2127,9810,,
2026-10-01T14:44:57Z,117326213046216794,cnn,1010,3870,13370,,
2026-10-01T14:44:57Z,117326052176100666,cnn,0,0,1,,
2026-10-01T14:44:57Z,117326051988618124,cnn,0,0,2,,
2026-10-01T14:44:57Z,117326051816460015,cnn,0,0,1,,
2026-10-01T14:44:57Z,117326051384402820,cnn,0,0,0,,
2026-10-01T14:44:57Z,117326051069666611,cnn,0,0,1,,
2026-10-01T14:44:57Z,117326047233268228,cnn,510,2653,9072,,
2026-10-01T14:44:57Z,117326044871082645,cnn,213,1769,6943,,
2026-10-01T14:44:57Z,117326000312372207,cnn,190,1846,7099,,
2026-10-01T14:44:57Z,117326000129865390,cnn,386,1860,8338,,
2026-10-01T14:44:57Z,117325992695243662,cnn,99,1439,5783,,
2026-10-01T14:44:57Z,117325988723052373,cnn,95,1406,5619,,
2026-10-01T14:44:57Z,117325987378356876,cnn,97,1323,4863,,
2026-10-01T14:44:57Z,117325981350058861,cnn,603,2414,9697,,
2026-10-01T14:44:57Z,117325763597478758,cnn,1754,3874,17882,,
2026-10-01T14:44:57Z,117325728133569564,cnn,794,3022,11580,,
2026-10-01T14:44:57Z,117325694783376982,cnn,877,2748,12313,,
2026-10-01T14:44:57Z,117323511508375196,cnn,1042,3236,14025,,
2026-10-01T14:44:57Z,117323155721195611,cnn,1527,4462,16332,,
2026-10-01T14:44:57Z,117323148147220269,cnn,593,3532,14246,,
2026-10-01T14:44:57Z,117322092055919832,cnn,1383,2965,12367,,
2026-10-01T14:44:57Z,117322065119445871,cnn,516,2293,11062,,
2026-10-01T14:44:57Z,117320581360547091,cnn,1420,5042,15726,,
2026-10-01T14:44:57Z,117320509296515188,cnn,4416,7967,31294,,
2026-10-01T14:44:57Z,117320385350427395,cnn,842,4196,15125,,
2026-10-01T14:44:57Z,117318371569831036,cnn,962,3339,13831,,
2026-10-01T14:44:57Z,117318370203435194,cnn,589,2891,12504,,
2026-10-01T14:44:57Z,117318368847920040,cnn,638,2528,11010,,
2026-10-01T14:44:57Z,117318365806497574,cnn,1214,3727,14299,,
2026-10-01T14:44:57Z,117318329260090686,cnn,2133,4552,17919,,
2026-10-01T14:44:57Z,117316991845409643,cnn,1423,3958,12524,,
2026-10-01T14:44:57Z,117314399826449877,cnn,3776,6378,27599,,
2026-10-01T14:44:57Z,117312693997244079,cnn,1122,4524,22749,,
2026-10-01T14:44:57Z,117312560106447861,cnn,0,0,1,,
2026-10-01T14:44:57Z,117312531137546490,cnn,763,4148,16714,,
2026-10-01T14:44:57Z,117310775870715938,cnn,4734,6137,31459,,
2026-10-01T14:44:57Z,117310724294153031,cnn,4271,6809,25838,,
2026-10-01T14:44:57Z,117310502008279319,cnn,591,2863,13193,,
2026-10-01T14:44:57Z,117310501298755407,cnn,286,2363,11177,,
2026-10-01T14:44:57Z,117310494630713204,cnn,270,2306,10641,,
2026-10-01T14:44:57Z,117310364553695688,cnn,1057,4265,18607,,
2026-10-01T14:44:57Z,117310166479352147,cnn,4324,9835,33465,,
2026-10-01T14:44:57Z,117309814170246776,cnn,1755,5159,18765,,
2026-10-01T14:44:57Z,117309799376551907,cnn,4187,3307,11904,,
2026-10-01T14:44:57Z,117309573610238654,cnn,2266,6802,32367,,
2026-10-01T14:44:57Z,117308930224398545,cnn,3676,7349,30984,,
2026-10-01T14:44:57Z,117308890736529824,cnn,3284,7098,26152,,
2026-10-01T14:44:57Z,117307292070204943,cnn,1032,3834,16339,,
2026-10-01T14:44:57Z,117307289681145880,cnn,610,3329,15541,,
2026-10-01T14:44:57Z,117307260504631667,cnn,1021,3557,17423,,
2026-10-01T14:44:57Z,117307257715841389,cnn,497,3273,13406,,
2026-10-01T14:44:57Z,117307255154500060,cnn,741,3668,14158,,
2026-10-01T14:44:57Z,117306567834657729,cnn,3162,4104,16713,,
2026-10-01T14:44:57Z,117306342307545273,cnn,831,2387,12919,,
2026-10-01T14:44:57Z,117305526182125195,cnn,1490,3425,15092,,
2026-10-01T14:44:57Z,117305110887067544,cnn,1424,3640,14039,,
2026-10-01T14:44:57Z,117305110118463243,cnn,839,3830,13683,,
2026-10-01T14:44:57Z,117305109272193640,cnn,506,3335,12919,,
2026-10-01T14:44:57Z,117304284426928910,cnn,2276,5741,22903,,
2026-10-01T14:44:57Z,117303611907345909,cnn,1037,4002,15345,,
2026-10-01T14:44:57Z,117303573478102353,cnn,5362,4442,14942,,
2026-10-01T14:44:57Z,117303154231930646,cnn,2069,5525,22884,,
2026-10-01T14:44:57Z,117301659812842043,cnn,893,3443,15850,,
2026-10-01T14:44:57Z,117298879209243512,cnn,2330,6511,27636,,
2026-10-01T14:44:57Z,117298821562014906,cnn,3331,7309,27069,,
2026-10-01T14:44:57Z,117298741939724787,cnn,2139,6500,25059,,
2026-10-01T14:44:57Z,117298413844042212,cnn,9071,4905,15321,,
2026-10-01T14:44:57Z,117295963548658778,cnn,1981,6392,20350,,
2026-10-01T14:44:57Z,117294485458402353,cnn,3469,8652,26274,,
2026-10-01T14:44:57Z,117294126158197822,cnn,7299,17134,65132,,
2026-10-01T14:44:57Z,117294006211890226,cnn,1478,5971,22690,,
2026-10-01T14:44:57Z,117293999250317993,cnn,467,3140,15186,,
2026-10-01T14:44:57Z,117293599348325006,cnn,11284,13914,56885,,
2026-10-01T14:44:57Z,117293533781828630,cnn,558,3526,13585,,
2026-10-01T14:44:57Z,117293485474940230,cnn,0,0,1,,
2026-10-01T14:44:57Z,117293466278795270,cnn,735,4215,17697,,
2026-10-01T14:44:57Z,117293463389669196,cnn,175,2646,12339,,
2026-10-01T14:44:57Z,117293461566506192,cnn,149,2417,11242,,
2026-10-01T14:44:57Z,117293460640615998,cnn,134,2243,10368,,
2026-10-01T14:44:57Z,117293456663113621,cnn,132,2138,9843,,
2026-10-01T14:44:57Z,117293453926779510,cnn,154,2204,9713,,
2026-10-01T14:44:57Z,117293452758039623,cnn,130,2034,9136,,
2026-10-01T14:44:57Z,117293450293989793,cnn,116,1890,8529,,
2026-10-01T14:44:57Z,117293447626672058,cnn,126,1930,8272,,
2026-10-01T14:44:57Z,117293443739276008,cnn,106,1702,7591,,
2026-10-01T14:44:57Z,117293414375817043,cnn,192,2059,8511,,
2026-10-01T14:44:57Z,117293409824088390,cnn,112,1707,7470,,
2026-10-01T14:44:57Z,117293400265439279,cnn,131,1563,6575,,
2026-10-01T14:44:57Z,117293383002117599,cnn,108,1194,4822,,
2026-10-01T14:44:57Z,117293380838894817,cnn,76,933,3670,,
2026-10-01T14:44:57Z,117293338603423306,cnn,1056,2261,8745,,
2026-10-01T14:44:57Z,117292605168784403,cnn,1791,2842,11334,,
2026-10-01T14:44:57Z,117292378116430890,cnn,605,1893,7179,,
2026-10-01T14:44:57Z,117290107011309524,cnn,1434,3153,10566,,
2026-10-01T14:44:57Z,117289658560181496,cnn,824,3290,10897,,
2026-10-01T14:44:57Z,117289656153250166,cnn,611,3027,9850,,
2026-10-01T14:44:57Z,117289646853203408,cnn,306,2155,7808,,
2026-10-01T14:44:57Z,117289625653769278,cnn,481,2395,8466,,
2026-10-01T14:44:57Z,117289624164356202,cnn,373,2518,8113,,
2026-10-01T14:44:57Z,117289429489598640,cnn,611,2943,11942,,
2026-10-01T14:44:57Z,117289176463500141,cnn,378,2184,9241,,
2026-10-01T14:44:57Z,117289173153775817,cnn,168,1896,8167,,
2026-10-01T14:44:57Z,117289151255093709,cnn,172,1773,7755,,
2026-10-01T14:44:57Z,117288829666075555,cnn,742,2989,9684,,
2026-10-01T14:44:57Z,117288682914955882,cnn,692,2347,8849,,
2026-10-01T14:44:57Z,117288669331309351,cnn,428,2447,9238,,
2026-10-01T14:44:57Z,117288668720110578,cnn,253,1972,8110,,
2026-10-01T14:44:57Z,117288665434502873,cnn,244,2052,7859,,
2026-10-01T14:44:57Z,117288059144172657,cnn,2080,5301,22315,,
2026-10-01T14:44:57Z,117287760638060322,cnn,696,2093,10205,,
2026-10-01T14:44:57Z,117287739238891727,cnn,565,2757,11150,,
2026-10-01T14:44:57Z,117287709695500284,cnn,403,2269,9638,,
2026-10-01T14:44:57Z,117287545147440255,cnn,1809,5764,29072,,
2026-10-01T20:22:12Z,117367105128831509,cnn,2096,2535,10574,,
2026-10-01T20:22:12Z,117367002060076063,cnn,311,1180,4305,,
2026-10-01T20:22:12Z,117367000302830501,cnn,211,1087,4169,,
2026-10-01T20:22:12Z,117366999210250414,cnn,136,1028,3825,,
2026-10-01T20:22:12Z,117366981010865903,cnn,163,928,3430,,
2026-10-01T20:22:12Z,117366933918841897,cnn,644,1629,6345,,
2026-10-01T20:22:12Z,117366845448721312,cnn,668,2132,5932,,
2026-10-01T20:22:12Z,117366844728020252,cnn,234,1136,4335,,
2026-10-01T20:22:12Z,117366588767807179,cnn,296,1209,5210,,
2026-10-01T20:22:12Z,117366474576378383,cnn,195,1232,5310,,
2026-10-01T20:22:12Z,117366396669364721,cnn,183,1344,5747,,
2026-10-01T20:22:12Z,117366242139776153,cnn,0,0,6,,
2026-10-01T20:22:12Z,117366233265033126,cnn,221,1047,3796,,
2026-10-01T20:22:12Z,117363810994521058,cnn,1096,3518,15599,,
2026-10-01T20:22:12Z,117363530938149737,cnn,623,3132,10385,,
2026-10-01T20:22:12Z,117363529555626519,cnn,320,2389,8799,,
2026-10-01T20:22:12Z,117363528339371665,cnn,650,3066,11634,,
2026-10-01T20:22:12Z,117363279810129997,cnn,0,0,8,,
2026-10-01T20:22:12Z,117363279453563269,cnn,0,0,6,,
2026-10-01T20:22:12Z,117363279107343576,cnn,0,0,7,,
2026-10-01T20:22:12Z,117363277304148804,cnn,275,1933,6955,,
2026-10-01T20:22:12Z,117363266224228487,cnn,371,2311,8704,,
2026-10-01T20:22:12Z,117363264569974249,cnn,275,2068,8255,,
2026-10-01T20:22:12Z,117363260871717815,cnn,361,2153,6865,,
2026-10-01T20:22:12Z,117363258929059499,cnn,164,1489,6178,,
2026-10-01T20:22:12Z,117363257382134049,cnn,153,1782,7241,,
2026-10-01T20:22:12Z,117363255844500237,cnn,142,1648,6912,,
2026-10-01T20:22:12Z,117363254598194638,cnn,286,1866,7067,,
2026-10-01T20:22:12Z,117363252945698992,cnn,82,1342,5937,,
2026-10-01T20:22:12Z,117363251732231828,cnn,138,1440,6480,,
2026-10-01T20:22:12Z,117363250174439013,cnn,220,1762,6800,,
2026-10-01T20:22:12Z,117363131054368093,cnn,488,2447,9140,,
2026-10-01T20:22:12Z,117363113783791267,cnn,164,1221,4130,,
2026-10-01T20:22:12Z,117363089683591337,cnn,263,1074,3750,,
2026-10-01T20:22:12Z,117363088922196903,cnn,91,514,1955,,
2026-10-01T20:22:12Z,117362870737690439,cnn,503,1647,5912,,
2026-10-01T20:22:12Z,117362592371612185,cnn,0,0,1,,
2026-10-01T20:22:12Z,117362512481491992,cnn,268,889,2925,,
2026-10-01T20:22:12Z,117362512360400632,cnn,121,723,2549,,
2026-10-01T20:22:12Z,117362507109086060,cnn,217,1180,3928,,
2026-10-01T20:22:12Z,117362505555047950,cnn,172,1038,3446,,
2026-10-01T20:22:12Z,117361716972225267,cnn,2797,5934,21151,,
2026-10-01T20:22:12Z,117361125172345134,cnn,1539,4465,16647,,
2026-10-01T20:22:12Z,117361036176846921,cnn,1627,3682,13311,,
2026-10-01T20:22:12Z,117360881299832502,cnn,2398,4052,14195,,
2026-10-01T20:22:12Z,117360567091654673,cnn,529,2177,9146,,
2026-10-01T20:22:12Z,117357090030899348,cnn,1551,3589,12712,,
2026-10-01T20:22:12Z,117356435739432952,cnn,1363,3538,12686,,
2026-10-01T20:22:12Z,117356339820644146,cnn,838,3120,12452,,
2026-10-01T20:22:12Z,117356337184173252,cnn,622,3521,13896,,
2026-10-01T20:22:12Z,117355137125519227,cnn,1663,3316,13218,,
2026-10-01T20:22:12Z,117354335756073765,cnn,1541,5181,16509,,
2026-10-01T20:22:12Z,117352093333913680,cnn,1858,5034,18769,,
2026-10-01T20:22:12Z,117351985093810875,cnn,1089,4416,19680,,
2026-10-01T20:22:12Z,117350810719202305,cnn,2716,7437,24834,,
2026-10-01T20:22:12Z,117348562110206457,cnn,2532,5222,24158,,
2026-10-01T20:22:12Z,117348541943680165,cnn,1478,4325,20414,,
2026-10-01T20:22:12Z,117348516464234551,cnn,1079,4969,19984,,
2026-10-01T20:22:12Z,117348468544269011,cnn,1203,4839,19960,,
2026-10-01T20:22:12Z,117348448650549090,cnn,776,4016,12899,,
2026-10-01T20:22:12Z,117348447516971896,cnn,614,3973,15420,,
2026-10-01T20:22:12Z,117348446365820888,cnn,404,4251,16158,,
2026-10-01T20:22:12Z,117348445059479367,cnn,337,3613,14404,,
2026-10-01T20:22:12Z,117348443536619757,cnn,823,4151,11711,,
2026-10-01T20:22:12Z,117348369252080500,cnn,422,3059,10789,,
2026-10-01T20:22:12Z,117346779325099881,cnn,434,2749,12078,,
2026-10-01T20:22:12Z,117346775410000482,cnn,278,2421,11549,,
2026-10-01T20:22:12Z,117346773878574094,cnn,185,2245,10456,,
2026-10-01T20:22:12Z,117346772720086148,cnn,247,2394,10920,,
2026-10-01T20:22:12Z,117346770524529074,cnn,121,2056,9878,,
2026-10-01T20:22:12Z,117346769568699506,cnn,94,1868,9048,,
2026-10-01T20:22:12Z,117346763094750198,cnn,194,2006,9442,,
2026-10-01T20:22:12Z,117346090177597599,cnn,1120,2508,10968,,
2026-10-01T20:22:12Z,117345281669990405,cnn,628,2792,12499,,
2026-10-01T20:22:12Z,117345157982014484,cnn,652,2352,11811,,
2026-10-01T20:22:12Z,117345157682476645,cnn,261,1845,9460,,
2026-10-01T20:22:12Z,117345156811518439,cnn,226,1727,8755,,
2026-10-01T20:22:12Z,117345156244405938,cnn,173,1635,8428,,
2026-10-01T20:22:12Z,117345155558415047,cnn,139,1491,7885,,
2026-10-01T20:22:12Z,117345154924391841,cnn,129,1506,7901,,
2026-10-01T20:22:12Z,117345154385217283,cnn,114,1451,7561,,
2026-10-01T20:22:12Z,117345053471706888,cnn,351,1929,9383,,
2026-10-01T20:22:12Z,117344981384499824,cnn,357,1980,9794,,
2026-10-01T20:22:12Z,117344980633302086,cnn,265,1948,9898,,
2026-10-01T20:22:12Z,117344980210723137,cnn,135,1648,8661,,
2026-10-01T20:22:12Z,117344979495317552,cnn,135,1438,7325,,
2026-10-01T20:22:12Z,117344978962019270,cnn,176,1438,7272,,
2026-10-01T20:22:12Z,117344976000779585,cnn,147,1335,6951,,
2026-10-01T20:22:12Z,117344975198365396,cnn,125,1388,6931,,
2026-10-01T20:22:12Z,117344784651239190,cnn,757,2057,9440,,
2026-10-01T20:22:12Z,117344773205161235,cnn,449,2037,8840,,
2026-10-01T20:22:12Z,117343820394720021,cnn,1047,2615,8868,,
2026-10-01T20:22:12Z,117343672160611130,cnn,1072,3846,15270,,
2026-10-01T20:22:12Z,117343153272784169,cnn,0,0,2,,
2026-10-01T20:22:12Z,117343152769130235,cnn,402,1729,6354,,
2026-10-01T20:22:12Z,117343152138358246,cnn,251,1445,5393,,
2026-10-01T20:22:12Z,117342927581199006,cnn,1698,3626,15738,,
2026-10-01T20:22:12Z,117340294147897033,cnn,2702,5181,19594,,
2026-10-01T20:22:12Z,117339697268234753,cnn,849,3649,14723,,
2026-10-01T20:22:12Z,117339693977416746,cnn,1923,4832,17818,,
2026-10-01T20:22:12Z,117339693821962863,cnn,500,3092,12691,,
2026-10-01T20:22:12Z,117339672558278827,cnn,0,0,2,,
2026-10-01T20:22:12Z,117339650202836763,cnn,317,2322,10252,,
2026-10-01T20:22:12Z,117339634674669231,cnn,276,2336,10319,,
2026-10-01T20:22:12Z,117339631831278857,cnn,276,2260,10150,,
2026-10-01T20:22:12Z,117339631612858977,cnn,235,2290,10258,,
2026-10-01T20:22:12Z,117339601866366888,cnn,266,1654,6725,,
2026-10-01T20:22:12Z,117339599342443326,cnn,106,1383,6404,,
2026-10-01T20:22:12Z,117339598713942230,cnn,92,1388,6370,,
2026-10-01T20:22:12Z,117339598059843086,cnn,99,1358,6221,,
2026-10-01T20:22:12Z,117339597349471940,cnn,105,1401,6407,,
2026-10-01T20:22:12Z,117339596643861955,cnn,118,1375,6012,,
2026-10-01T20:22:12Z,117339595987738159,cnn,74,1171,5159,,
2026-10-01T20:22:12Z,117339595344002712,cnn,67,1074,4852,,
2026-10-01T20:22:12Z,117339594579276473,cnn,84,1153,4923,,
2026-10-01T20:22:12Z,117339593802451277,cnn,58,999,4559,,
2026-10-01T20:22:12Z,117339592897068385,cnn,66,1017,4461,,
2026-10-01T20:22:12Z,117339591851529041,cnn,43,489,1983,,
2026-10-01T20:22:12Z,117339590790417891,cnn,34,219,707,,
2026-10-01T20:22:12Z,117339537275478198,cnn,220,533,1514,,
2026-10-01T20:22:12Z,117339532573237378,cnn,139,552,1846,,
2026-10-01T20:22:12Z,117338936999613227,cnn,999,2378,8417,,
2026-10-01T20:22:12Z,117338873310369293,cnn,822,2088,7281,,
2026-10-01T20:22:12Z,117338872385629287,cnn,348,1430,6248,,
2026-10-01T20:22:12Z,117338817881626356,cnn,295,1384,5856,,
2026-10-01T20:22:12Z,117338166998410817,cnn,1449,3286,10424,,
2026-10-01T20:22:12Z,117337563385196014,cnn,1114,3244,12507,,
2026-10-01T20:22:12Z,117337562817997862,cnn,739,3238,12108,,
2026-10-01T20:22:12Z,117337562138904273,cnn,440,2468,8626,,
2026-10-01T20:22:12Z,117337561585606406,cnn,259,1946,7435,,
2026-10-01T20:22:12Z,117337555438970724,cnn,245,2000,7267,,
2026-10-01T20:22:12Z,117337555068452986,cnn,211,1932,7218,,
2026-10-01T20:22:12Z,117337554905327419,cnn,184,1775,6896,,
2026-10-01T20:22:12Z,117337554252680986,cnn,156,1688,6330,,
2026-10-01T20:22:12Z,117337552716803527,cnn,156,1697,6122,,
2026-10-01T20:22:12Z,117337545332163657,cnn,147,1513,5833,,
2026-10-01T20:22:12Z,117337544317575633,cnn,153,1672,6147,,
2026-10-01T20:22:12Z,117337541233609775,cnn,124,1479,5541,,
2026-10-01T20:22:12Z,117337538836314073,cnn,118,1422,5406,,
2026-10-01T20:22:12Z,117337538123089885,cnn,98,1279,5083,,
2026-10-01T20:22:12Z,117337537057603991,cnn,118,1336,5033,,
2026-10-01T20:22:12Z,117337535044080608,cnn,150,1275,4530,,
2026-10-01T20:22:12Z,117337515298516566,cnn,165,1242,4663,,
2026-10-01T20:22:12Z,117337317276437965,cnn,4428,6237,28086,,
2026-10-01T20:22:12Z,117337298336162712,cnn,683,2147,9443,,
2026-10-01T20:22:12Z,117337288574793449,cnn,323,1590,5175,,
2026-10-01T20:22:12Z,117336958253518518,cnn,818,1598,6215,,
2026-10-01T20:22:12Z,117336955762275361,cnn,199,922,3915,,
2026-10-01T20:22:12Z,117336883864922392,cnn,151,1024,4124,,
2026-10-01T20:22:12Z,117336881513699850,cnn,255,1395,5125,,
2026-10-01T20:22:12Z,117336880365536098,cnn,191,908,3336,,
2026-10-01T20:22:12Z,117336878808999802,cnn,118,877,3788,,
2026-10-01T20:22:12Z,117336875720742753,cnn,124,869,3366,,
2026-10-01T20:22:12Z,117336873800272630,cnn,127,1105,4236,,
2026-10-01T20:22:12Z,117336867875974840,cnn,104,888,3716,,
2026-10-01T20:22:12Z,117336866629561228,cnn,127,884,2761,,
2026-10-01T20:22:12Z,117336865039856065,cnn,92,906,3551,,
2026-10-01T20:22:12Z,117335207360789365,cnn,574,1319,5515,,
2026-10-01T20:22:12Z,117335134484713012,cnn,0,0,0,,
2026-10-01T20:22:12Z,117335133781136092,cnn,931,3220,8213,,
2026-10-01T20:22:12Z,117335132934731885,cnn,447,2146,6501,,
2026-10-01T20:22:12Z,117335096216476204,cnn,0,0,0,,
2026-10-01T20:22:12Z,117334616518733576,cnn,1165,2558,10438,,
2026-10-01T20:22:12Z,117334615895357863,cnn,401,2062,9739,,
2026-10-01T20:22:12Z,117334615137251467,cnn,504,2973,8927,,
2026-10-01T20:22:12Z,117334614580064997,cnn,336,1766,8234,,
2026-10-01T20:22:12Z,117334613964287437,cnn,301,1686,7905,,
2026-10-01T20:22:12Z,117334612644472968,cnn,174,1632,6184,,
2026-10-01T20:22:12Z,117334612403862517,cnn,453,2270,8231,,
2026-10-01T20:22:12Z,117334607798644557,cnn,127,1436,5527,,
2026-10-01T20:22:12Z,117334600981102955,cnn,150,1398,5449,,
2026-10-01T20:22:12Z,117334597869715991,cnn,131,1372,5255,,
2026-10-01T20:22:12Z,117334592653744426,cnn,185,1581,5609,,
2026-10-01T20:22:12Z,117334585893103406,cnn,279,1653,6177,,
2026-10-01T20:22:12Z,117334581279782762,cnn,124,1293,4717,,
2026-10-01T20:22:12Z,117334572312502332,cnn,132,1322,4844,,
2026-10-01T20:22:12Z,117334553306774218,cnn,156,1348,4906,,
2026-10-01T20:22:12Z,117334540969398393,cnn,178,1410,4967,,
2026-10-01T20:22:12Z,117334539738676098,cnn,84,894,3316,,
2026-10-01T20:22:12Z,117334536526706403,cnn,84,814,2840,,
2026-10-01T20:22:12Z,117334093403653279,cnn,421,1463,4892,,
2026-10-01T20:22:12Z,117333027652824076,cnn,641,2186,9574,,
2026-10-01T20:22:12Z,117332812545704813,cnn,1019,2838,12335,,
2026-10-01T20:22:12Z,117332704655075384,cnn,1454,5653,27131,,
2026-10-01T20:22:12Z,117331749278785253,cnn,2377,4955,23119,,
2026-10-01T20:22:12Z,117331365166932627,cnn,0,0,1,,
2026-10-01T20:22:12Z,117331168888375355,cnn,642,3427,15981,,
2026-10-01T20:22:12Z,117328536706468024,cnn,1489,5578,22187,,
2026-10-01T20:22:12Z,117327988960070739,cnn,2883,5147,20131,,
2026-10-01T20:22:12Z,117327681306671844,cnn,924,3006,13773,,
2026-10-01T20:22:12Z,117327646948735900,cnn,514,2843,12965,,
2026-10-01T20:22:12Z,117327644914730355,cnn,354,2570,11382,,
2026-10-01T20:22:12Z,117327644146401995,cnn,263,2420,11095,,
2026-10-01T20:22:12Z,117327643319552969,cnn,217,2291,10047,,
2026-10-01T20:22:12Z,117327642327005783,cnn,191,2127,9810,,
2026-10-01T20:22:12Z,117326213046216794,cnn,1010,3870,13370,,
2026-10-01T20:22:12Z,117326052176100666,cnn,0,0,1,,
2026-10-01T20:22:12Z,117326051988618124,cnn,0,0,2,,
2026-10-01T20:22:12Z,117326051816460015,cnn,0,0,1,,
2026-10-01T20:22:12Z,117326051384402820,cnn,0,0,0,,
2026-10-01T20:22:12Z,117326051069666611,cnn,0,0,1,,
2026-10-01T20:22:12Z,117326047233268228,cnn,510,2653,9072,,
2026-10-01T20:22:12Z,117326044871082645,cnn,213,1769,6943,,
2026-10-01T20:22:12Z,117326000312372207,cnn,190,1846,7099,,
2026-10-01T20:22:12Z,117326000129865390,cnn,386,1860,8338,,
2026-10-01T20:22:12Z,117325992695243662,cnn,99,1439,5783,,
2026-10-01T20:22:12Z,117325988723052373,cnn,95,1406,5619,,
2026-10-01T20:22:12Z,117325987378356876,cnn,97,1323,4863,,
2026-10-01T20:22:12Z,117325981350058861,cnn,603,2414,9697,,
2026-10-01T20:22:12Z,117325763597478758,cnn,1754,3874,17882,,
2026-10-01T20:22:12Z,117325728133569564,cnn,794,3022,11580,,
2026-10-01T20:22:12Z,117325694783376982,cnn,877,2748,12313,,
2026-10-01T20:22:12Z,117323511508375196,cnn,1042,3236,14025,,
2026-10-01T20:22:12Z,117323155721195611,cnn,1527,4462,16332,,
2026-10-01T20:22:12Z,117323148147220269,cnn,593,3532,14246,,
2026-10-01T20:22:12Z,117322092055919832,cnn,1383,2965,12367,,
2026-10-01T20:22:12Z,117322065119445871,cnn,516,2293,11062,,
2026-10-01T20:22:12Z,117320581360547091,cnn,1420,5042,15726,,
2026-10-01T20:22:12Z,117320509296515188,cnn,4416,7967,31294,,
2026-10-01T20:22:12Z,117320385350427395,cnn,842,4196,15125,,
2026-10-01T20:22:12Z,117318371569831036,cnn,962,3339,13831,,
2026-10-01T20:22:12Z,117318370203435194,cnn,589,2891,12504,,
2026-10-01T20:22:12Z,117318368847920040,cnn,638,2528,11010,,
2026-10-01T20:22:12Z,117318365806497574,cnn,1214,3727,14299,,
2026-10-01T20:22:12Z,117318329260090686,cnn,2133,4552,17919,,
2026-10-01T20:22:12Z,117316991845409643,cnn,1423,3958,12524,,
2026-10-01T20:22:12Z,117314399826449877,cnn,3776,6378,27599,,
2026-10-01T20:22:12Z,117312693997244079,cnn,1122,4524,22749,,
2026-10-01T20:22:12Z,117312560106447861,cnn,0,0,1,,
2026-10-01T20:22:12Z,117312531137546490,cnn,763,4148,16714,,
2026-10-01T20:22:12Z,117310775870715938,cnn,4734,6137,31459,,
2026-10-01T20:22:12Z,117310724294153031,cnn,4271,6809,25838,,
2026-10-01T20:22:12Z,117310502008279319,cnn,591,2863,13193,,
2026-10-01T20:22:12Z,117310501298755407,cnn,286,2363,11177,,
2026-10-01T20:22:12Z,117310494630713204,cnn,270,2306,10641,,
2026-10-01T20:22:12Z,117310364553695688,cnn,1057,4265,18607,,
2026-10-01T20:22:12Z,117310166479352147,cnn,4324,9835,33465,,
2026-10-01T20:22:12Z,117309814170246776,cnn,1755,5159,18765,,
2026-10-01T20:22:12Z,117309799376551907,cnn,4187,3307,11904,,
2026-10-01T20:22:12Z,117309573610238654,cnn,2266,6802,32367,,
2026-10-01T20:22:12Z,117308930224398545,cnn,3676,7349,30984,,
2026-10-01T20:22:12Z,117308890736529824,cnn,3284,7098,26152,,
2026-10-01T20:22:12Z,117307292070204943,cnn,1032,3834,16339,,
2026-10-01T20:22:12Z,117307289681145880,cnn,610,3329,15541,,
2026-10-01T20:22:12Z,117307260504631667,cnn,1021,3557,17423,,
2026-10-01T20:22:12Z,117307257715841389,cnn,497,3273,13406,,
2026-10-01T20:22:12Z,117307255154500060,cnn,741,3668,14158,,
2026-10-01T20:22:12Z,117306567834657729,cnn,3162,4104,16713,,
2026-10-01T20:22:12Z,117306342307545273,cnn,831,2387,12919,,
2026-10-01T20:22:12Z,117305526182125195,cnn,1490,3425,15092,,
2026-10-01T20:22:12Z,117305110887067544,cnn,1424,3640,14039,,
2026-10-01T20:22:12Z,117305110118463243,cnn,839,3830,13683,,
2026-10-01T20:22:12Z,117305109272193640,cnn,506,3335,12919,,
2026-10-01T20:22:12Z,117304284426928910,cnn,2276,5741,22903,,
2026-10-01T20:22:12Z,117303611907345909,cnn,1037,4002,15345,,
2026-10-01T20:22:12Z,117303573478102353,cnn,5362,4442,14942,,
2026-10-01T20:22:12Z,117303154231930646,cnn,2069,5525,22884,,
2026-10-01T20:22:12Z,117301659812842043,cnn,893,3443,15850,,
2026-10-01T20:22:12Z,117298879209243512,cnn,2330,6511,27636,,
2026-10-01T20:22:12Z,117298821562014906,cnn,3331,7309,27069,,
2026-10-01T20:22:12Z,117298741939724787,cnn,2139,6500,25059,,
2026-10-01T20:22:12Z,117298413844042212,cnn,9071,4905,15321,,
2026-10-01T20:22:12Z,117295963548658778,cnn,1981,6392,20350,,
2026-10-01T20:22:12Z,117294485458402353,cnn,3469,8652,26274,,
2026-10-01T20:22:12Z,117294126158197822,cnn,7299,17134,65132,,
2026-10-01T20:22:12Z,117294006211890226,cnn,1478,5971,22690,,
2026-10-01T20:22:12Z,117293999250317993,cnn,467,3140,15186,,
2026-10-01T20:22:12Z,117293599348325006,cnn,11284,13914,56885,,
2026-10-01T20:22:12Z,117293533781828630,cnn,558,3526,13585,,
2026-10-01T20:22:12Z,117293485474940230,cnn,0,0,1,,
2026-10-01T20:22:12Z,117293466278795270,cnn,735,4215,17697,,
2026-10-01T20:22:12Z,117293463389669196,cnn,175,2646,12339,,
2026-10-01T20:22:12Z,117293461566506192,cnn,149,2417,11242,,
2026-10-01T20:22:12Z,117293460640615998,cnn,134,2243,10368,,
2026-10-01T20:22:12Z,117293456663113621,cnn,132,2138,9843,,
2026-10-01T20:22:12Z,117293453926779510,cnn,154,2204,9713,,
2026-10-01T20:22:12Z,117293452758039623,cnn,130,2034,9136,,
2026-10-01T20:22:12Z,117293450293989793,cnn,116,1890,8529,,
2026-10-01T20:22:12Z,117293447626672058,cnn,126,1930,8272,,
2026-10-01T20:22:12Z,117293443739276008,cnn,106,1702,7591,,
2026-10-01T20:22:12Z,117293414375817043,cnn,192,2059,8511,,
2026-10-01T20:22:12Z,117293409824088390,cnn,112,1707,7470,,
2026-10-01T20:22:12Z,117293400265439279,cnn,131,1563,6575,,
2026-10-01T20:22:12Z,117293383002117599,cnn,108,1194,4822,,
2026-10-01T20:22:12Z,117293380838894817,cnn,76,933,3670,,
2026-10-01T20:22:12Z,117293338603423306,cnn,1056,2261,8745,,
2026-10-01T20:22:12Z,117292605168784403,cnn,1791,2842,11334,,
2026-10-01T20:22:12Z,117292378116430890,cnn,605,1893,7179,,
2026-10-01T20:22:12Z,117290107011309524,cnn,1434,3153,10566,,
2026-10-01T20:22:12Z,117289658560181496,cnn,824,3290,10897,,
2026-10-01T20:22:12Z,117289656153250166,cnn,611,3027,9850,,
2026-10-01T20:22:12Z,117289646853203408,cnn,306,2155,7808,,
2026-10-01T20:22:12Z,117289625653769278,cnn,481,2395,8466,,
2026-10-01T20:22:12Z,117289624164356202,cnn,373,2518,8113,,
2026-10-01T20:22:12Z,117289429489598640,cnn,611,2943,11942,,
2026-10-01T20:22:12Z,117289176463500141,cnn,378,2184,9241,,
2026-10-01T20:22:12Z,117289173153775817,cnn,168,1896,8167,,
2026-10-01T20:22:12Z,117289151255093709,cnn,172,1773,7755,,
2026-10-01T20:22:12Z,117288829666075555,cnn,742,2989,9684,,
2026-10-01T20:22:12Z,117288682914955882,cnn,692,2347,8849,,
2026-10-01T20:22:12Z,117288669331309351,cnn,428,2447,9238,,
2026-10-01T20:22:12Z,117288668720110578,cnn,253,1972,8110,,
2026-10-01T20:22:12Z,117288665434502873,cnn,244,2052,7859,,
